iter	PrecisionAt:top=5	MAP:top=5
0	0.03755555556	0.03572407407
1	0.04277777778	0.04173441358
2	0.05155555556	0.05209398148
3	0.05622222222	0.0568132716
4	0.05922222222	0.05884814815
5	0.06033333333	0.05901141975
6	0.06133333333	0.05988179012
7	0.06244444444	0.06090709877
8	0.06477777778	0.06289783951
9	0.06366666667	0.06195478395
10	0.06355555556	0.06184938272
11	0.06422222222	0.0626720679
12	0.06544444444	0.06371728395
13	0.06577777778	0.06410246914
14	0.06477777778	0.06377021605
15	0.06577777778	0.06381574074
16	0.06544444444	0.06399104938
17	0.06588888889	0.06459166667
18	0.06611111111	0.06417716049
19	0.06622222222	0.0645933642
20	0.06711111111	0.06521481481
21	0.06677777778	0.06492700617
22	0.06688888889	0.06542716049
23	0.06777777778	0.06638811728
24	0.06844444444	0.0676462963
25	0.06833333333	0.06810061728
26	0.06944444444	0.0693404321
27	0.07055555556	0.07051743827
28	0.07122222222	0.0711404321
29	0.072	0.07195771605
30	0.07166666667	0.07198040123
31	0.072	0.0727279321
32	0.07188888889	0.0724867284
33	0.07322222222	0.07430524691
34	0.07388888889	0.07449830247
35	0.07377777778	0.07448425926
36	0.07344444444	0.07398811728
37	0.07333333333	0.07450478395
38	0.074	0.0743808642
39	0.07466666667	0.07481512346
40	0.07477777778	0.07471929012
41	0.07433333333	0.07497407407
42	0.075	0.07578179012
43	0.07544444444	0.07683287037
44	0.07555555556	0.07679675926
45	0.07555555556	0.07652006173
46	0.07644444444	0.07711358025
47	0.07688888889	0.07749660494
48	0.07666666667	0.07757962963
49	0.07744444444	0.07746126543
50	0.07788888889	0.07834382716
51	0.07833333333	0.07908580247
52	0.07866666667	0.07969166667
53	0.07911111111	0.08047037037
54	0.079	0.08029552469
55	0.07966666667	0.08101759259
56	0.07922222222	0.08078441358
57	0.07977777778	0.08170771605
58	0.08033333333	0.08201651235
59	0.08033333333	0.08204891975
60	0.08111111111	0.08221589506
61	0.08155555556	0.08301466049
62	0.08166666667	0.0833
63	0.08177777778	0.08305277778
64	0.082	0.08384722222
65	0.08244444444	0.08415432099
66	0.08244444444	0.08394614198
67	0.083	0.0847962963
68	0.08277777778	0.08451944444
69	0.08333333333	0.08506651235
70	0.08377777778	0.08544027778
71	0.08444444444	0.08568395062
72	0.08433333333	0.08430185185
73	0.08433333333	0.08497052469
74	0.08466666667	0.08556959877
75	0.08533333333	0.08613179012
76	0.08511111111	0.08600601852
77	0.08555555556	0.08559521605
78	0.08644444444	0.08643487654
79	0.08677777778	0.0873625
80	0.08633333333	0.08731419753
81	0.08633333333	0.08735694444
82	0.087	0.08768981481
83	0.08688888889	0.08737484568
84	0.08588888889	0.08689891975
85	0.08622222222	0.08770385802
86	0.08688888889	0.08783225309
87	0.08688888889	0.0876558642
88	0.08711111111	0.08832638889
89	0.08766666667	0.08928148148
90	0.08733333333	0.08915154321
91	0.08755555556	0.0895066358
92	0.08822222222	0.09019398148
93	0.08833333333	0.09007947531
94	0.088	0.08998657407
95	0.08877777778	0.09121018519
96	0.08877777778	0.0905962963
97	0.089	0.09073950617
98	0.08911111111	0.0912566358
99	0.08911111111	0.0918617284
100	0.089	0.0921712963
101	0.08944444444	0.09259320988
102	0.08966666667	0.09270092593
103	0.09055555556	0.09319243827
104	0.09055555556	0.09339027778
105	0.09077777778	0.09352299383
106	0.09133333333	0.09376311728
107	0.09144444444	0.09371018519
108	0.09122222222	0.09398981481
109	0.09144444444	0.0941382716
110	0.09177777778	0.09434537037
111	0.09155555556	0.09416049383
112	0.09144444444	0.09457947531
113	0.09188888889	0.09496064815
114	0.092	0.0956529321
115	0.09244444444	0.09584074074
116	0.09277777778	0.09605246914
117	0.09311111111	0.09653364198
118	0.093	0.09637561728
119	0.093	0.09663240741
120	0.09333333333	0.09678873457
121	0.09344444444	0.0971066358
122	0.09366666667	0.09758225309
123	0.09333333333	0.09761527778
124	0.09388888889	0.09776141975
125	0.09377777778	0.09806496914
126	0.094	0.09833919753
127	0.09433333333	0.09837407407
128	0.09422222222	0.09861990741
129	0.09411111111	0.09847052469
130	0.09433333333	0.09839953704
131	0.09411111111	0.09832962963
132	0.09433333333	0.09874907407
133	0.09444444444	0.09847114198
134	0.09455555556	0.09874382716
135	0.09466666667	0.09962391975
136	0.09511111111	0.09951111111
137	0.09522222222	0.09997685185
138	0.09511111111	0.09981095679
139	0.095	0.09991882716
140	0.09411111111	0.09963734568
141	0.09455555556	0.09944135802
142	0.09455555556	0.09942808642
143	0.09455555556	0.09963919753
144	0.09477777778	0.09954876543
145	0.09488888889	0.09998070988
146	0.09511111111	0.1004512346
147	0.09544444444	0.1009268519
148	0.09566666667	0.1011725309
149	0.09611111111	0.1019265432
150	0.09622222222	0.1020199074
151	0.09655555556	0.1019945988
152	0.09666666667	0.1023470679
153	0.097	0.1021604938
154	0.09711111111	0.1021748457
155	0.09711111111	0.1025822531
156	0.09755555556	0.1024080247
157	0.09766666667	0.1027734568
158	0.09766666667	0.1027757716
159	0.09788888889	0.1028893519
160	0.09744444444	0.1032739198
161	0.097	0.1035483025
162	0.097	0.1026350309
163	0.09755555556	0.102883179
164	0.09788888889	0.103045216
165	0.098	0.103158642
166	0.09833333333	0.1033285494
167	0.09833333333	0.1031674383
168	0.09844444444	0.1035546296
169	0.09844444444	0.1039601852
170	0.09788888889	0.1044569444
171	0.09766666667	0.1046887346
172	0.09788888889	0.1046007716
173	0.09811111111	0.1047791667
174	0.09811111111	0.1048973765
175	0.09833333333	0.1056989198
176	0.09833333333	0.1058794753
177	0.09888888889	0.1061266975
178	0.09933333333	0.1065171296
179	0.09911111111	0.1062739198
180	0.09888888889	0.1061779321
181	0.09955555556	0.1062848765
182	0.09966666667	0.106491358
183	0.09966666667	0.1066904321
184	0.09966666667	0.1065830247
185	0.09988888889	0.1066572531
186	0.09977777778	0.1063783951
187	0.09966666667	0.1066358025
188	0.09944444444	0.1067558642
189	0.09977777778	0.1068904321
190	0.1003333333	0.1071703704
191	0.1003333333	0.107116358
192	0.1004444444	0.1070509259
193	0.1005555556	0.1082481481
194	0.1002222222	0.1078898148
195	0.1005555556	0.1081601852
196	0.1004444444	0.1077462963
197	0.1008888889	0.1079592593
198	0.1012222222	0.1087273148
199	0.1013333333	0.1089240741
200	0.1008888889	0.1087967593
201	0.1008888889	0.1089430556
202	0.1012222222	0.1095302469
203	0.1013333333	0.1093257716
204	0.1017777778	0.1095993827
205	0.1015555556	0.1096040123
206	0.1017777778	0.1095021605
207	0.1016666667	0.109683179
208	0.1017777778	0.1098833333
209	0.1023333333	0.1100140432
210	0.1022222222	0.1101175926
211	0.1025555556	0.1107841049
212	0.1026666667	0.1108189815
213	0.1028888889	0.1107314815
214	0.1023333333	0.1108032407
215	0.1023333333	0.110954321
216	0.1024444444	0.1111191358
217	0.1022222222	0.1107617284
218	0.1023333333	0.110767284
219	0.1027777778	0.1109804012
220	0.1027777778	0.1110853395
221	0.1028888889	0.1116516975
222	0.1031111111	0.1123003086
223	0.1032222222	0.1124334877
224	0.1034444444	0.1125353395
225	0.1035555556	0.1125655864
226	0.1032222222	0.112428858
227	0.1031111111	0.1125294753
228	0.1027777778	0.111983179
229	0.1027777778	0.1121229938
230	0.1031111111	0.1122513889
231	0.1031111111	0.1122924383
232	0.103	0.1124330247
233	0.1028888889	0.1127805556
234	0.103	0.1127814815
235	0.1028888889	0.1124805556
236	0.1031111111	0.1131141975
237	0.1032222222	0.113429321
238	0.1033333333	0.113433179
239	0.1036666667	0.113820216
240	0.1034444444	0.1136466049
241	0.1034444444	0.1137688272
242	0.1034444444	0.1137197531
243	0.1032222222	0.1135104938
244	0.1033333333	0.1143328704
245	0.1033333333	0.1144179012
246	0.1036666667	0.1147442901
247	0.104	0.1150483025
248	0.1042222222	0.1152291667
249	0.1044444444	0.1148020062
250	0.1041111111	0.1149472222
251	0.1037777778	0.1146723765
252	0.1037777778	0.1151612654
253	0.1035555556	0.1151842593
254	0.1037777778	0.115216821
255	0.1041111111	0.114971142
256	0.1042222222	0.1150720679
257	0.1046666667	0.1157072531
258	0.105	0.1163155864
259	0.1048888889	0.1154399691
260	0.105	0.1162362654
261	0.1052222222	0.115641821
262	0.105	0.1156884259
263	0.1045555556	0.1156362654
264	0.1052222222	0.1160598765
265	0.1053333333	0.1161876543
266	0.105	0.116229321
267	0.1052222222	0.1163771605
268	0.1056666667	0.116396142
269	0.1053333333	0.1162896605
270	0.1057777778	0.1164927469
271	0.1055555556	0.1166927469
272	0.1057777778	0.116774537
273	0.1054444444	0.1166069444
274	0.1056666667	0.1168424383
275	0.1054444444	0.1168430556
276	0.1056666667	0.1166939815
277	0.1056666667	0.1168405864
278	0.1053333333	0.1167783951
279	0.1057777778	0.1169271605
280	0.1056666667	0.1169938272
281	0.1055555556	0.1169175926
282	0.1056666667	0.1173858025
283	0.106	0.1177427469
284	0.1063333333	0.1184762346
285	0.1064444444	0.1188061728
286	0.1065555556	0.1186802469
287	0.1064444444	0.1186432099
288	0.106	0.1184490741
289	0.1062222222	0.1186720679
290	0.1061111111	0.1187239198
291	0.1062222222	0.1188177469
292	0.1067777778	0.1191856481
293	0.1067777778	0.1189118827
294	0.1066666667	0.1189169753
295	0.107	0.119370679
296	0.1071111111	0.1193373457
297	0.1073333333	0.1197410494
298	0.1071111111	0.1197015432
299	0.1073333333	0.1198108025
300	0.1077777778	0.1204682099
301	0.1078888889	0.1205987654
302	0.108	0.1207483025
303	0.1082222222	0.1208899691
304	0.1083333333	0.1212811728
305	0.108	0.1208260802
306	0.1078888889	0.1206433642
307	0.1081111111	0.1212050926
308	0.1082222222	0.1214708333
309	0.1083333333	0.1211865741
310	0.1082222222	0.1210625
311	0.1082222222	0.1211143519
312	0.1083333333	0.1214445988
313	0.1082222222	0.1212983025
314	0.108	0.1212375
315	0.108	0.121221142
316	0.1078888889	0.1210587963
317	0.1075555556	0.1209179012
318	0.108	0.1208669753
319	0.1082222222	0.1213737654
320	0.1083333333	0.1215774691
321	0.1085555556	0.1216805556
322	0.1087777778	0.1217033951
323	0.1084444444	0.1214841049
324	0.1084444444	0.1214779321
325	0.1085555556	0.1215804012
326	0.1086666667	0.121866821
327	0.1092222222	0.1221174383
328	0.1093333333	0.1226185185
329	0.1094444444	0.1226012346
330	0.1094444444	0.1225805556
331	0.1097777778	0.1230566358
332	0.1101111111	0.123179784
333	0.11	0.1229044753
334	0.1101111111	0.1227712963
335	0.1101111111	0.1227972222
336	0.1096666667	0.1225544753
337	0.1097777778	0.122691821
338	0.1096666667	0.122742284
339	0.1097777778	0.1228441358
340	0.11	0.1228117284
341	0.1102222222	0.1231307099
342	0.1102222222	0.1231195988
343	0.1096666667	0.1229603395
344	0.1102222222	0.1231842593
345	0.1102222222	0.1232990741
346	0.11	0.1236623457
347	0.1102222222	0.1233216049
348	0.1103333333	0.1234825617
349	0.1105555556	0.1238393519
350	0.1105555556	0.1237841049
351	0.1104444444	0.1238239198
352	0.1105555556	0.123875463
353	0.1107777778	0.1239723765
354	0.1108888889	0.1241606481
355	0.1116666667	0.124350463
356	0.1116666667	0.1243583333
357	0.1117777778	0.1243166667
358	0.1118888889	0.1244441358
359	0.1124444444	0.1250145062
360	0.1125555556	0.1251015432
361	0.1124444444	0.1248683642
362	0.1122222222	0.1248307099
363	0.1122222222	0.1247544753
364	0.1128888889	0.1252683642
365	0.1127777778	0.1253350309
366	0.1126666667	0.1254276235
367	0.1127777778	0.1252396605
368	0.1126666667	0.1254217593
369	0.1126666667	0.125475
370	0.1128888889	0.1256141975
371	0.1128888889	0.125504321
372	0.1131111111	0.1256137346
373	0.1132222222	0.1259526235
374	0.1133333333	0.1262393519
375	0.1134444444	0.1265762346
376	0.1135555556	0.126637037
377	0.1136666667	0.1267208333
378	0.1137777778	0.1267967593
379	0.1138888889	0.1271186728
380	0.1138888889	0.1267733025
381	0.1138888889	0.127199537
382	0.1141111111	0.1274157407
383	0.1144444444	0.1274932099
384	0.1143333333	0.1276092593
385	0.1144444444	0.1276935185
386	0.1144444444	0.1280367284
387	0.1145555556	0.1282774691
388	0.1142222222	0.1280720679
389	0.1143333333	0.1282350309
390	0.1141111111	0.1281660494
391	0.1141111111	0.1284408951
392	0.1143333333	0.1285915123
393	0.1142222222	0.1285719136
394	0.1141111111	0.1285391975
395	0.1145555556	0.1288308642
396	0.1145555556	0.1289503086
397	0.1144444444	0.1288645062
398	0.1145555556	0.1290780864
399	0.1145555556	0.1289697531
400	0.1146666667	0.1291873457
401	0.1146666667	0.1294141975
402	0.1144444444	0.1292919753
403	0.1142222222	0.1290910494
404	0.1144444444	0.1293290123
405	0.1148888889	0.129658642
406	0.1148888889	0.1295817901
407	0.115	0.1296901235
408	0.1151111111	0.1295317901
409	0.1147777778	0.1296236111
410	0.1148888889	0.1296310185
411	0.1148888889	0.1299310185
412	0.1148888889	0.1299736111
413	0.115	0.1300180556
414	0.1153333333	0.1299708333
415	0.1154444444	0.1301052469
416	0.1157777778	0.1303307099
417	0.1157777778	0.1304487654
418	0.1161111111	0.1306787037
419	0.1162222222	0.1308592593
420	0.1164444444	0.1310055556
421	0.1158888889	0.1306231481
422	0.116	0.1307308642
423	0.1157777778	0.1307246914
424	0.116	0.1309651235
425	0.1161111111	0.1310984568
426	0.1163333333	0.131354784
427	0.1164444444	0.1312158951
428	0.1164444444	0.1311233025
429	0.1156666667	0.1310598765
430	0.1157777778	0.1311305556
431	0.1158888889	0.1312132716
432	0.116	0.1313188272
433	0.116	0.131212037
434	0.1163333333	0.1314731481
435	0.1167777778	0.1314632716
436	0.1168888889	0.1317273148
437	0.117	0.1321692901
438	0.1172222222	0.1323800926
439	0.1171111111	0.1322932099
440	0.1172222222	0.1325189815
441	0.1173333333	0.1326444444
442	0.1174444444	0.1325595679
443	0.1172222222	0.1325770062
444	0.1173333333	0.1325828704
445	0.1172222222	0.1326171296
446	0.1172222222	0.1326396605
447	0.1171111111	0.1326665123
448	0.1172222222	0.1329050926
449	0.1171111111	0.1329013889
450	0.1173333333	0.1328936728
451	0.1172222222	0.1327402778
452	0.1173333333	0.1330720679
453	0.1175555556	0.1333692901
454	0.1175555556	0.1333029321
455	0.1174444444	0.133103858
456	0.1174444444	0.1335847222
457	0.1177777778	0.1335492284
458	0.1177777778	0.1338819444
459	0.1176666667	0.1338458333
460	0.1175555556	0.1337949074
461	0.1176666667	0.1340263889
462	0.118	0.1343563272
463	0.1184444444	0.1346739198
464	0.1182222222	0.1344938272
465	0.1184444444	0.1348146605
466	0.1182222222	0.1347841049
467	0.1184444444	0.1348294753
468	0.1186666667	0.1350094136
469	0.119	0.1349174383
470	0.119	0.135232716
471	0.1187777778	0.1351037037
472	0.1186666667	0.1345987654
473	0.1184444444	0.1347654321
474	0.1184444444	0.1348635802
475	0.1184444444	0.1350330247
476	0.1186666667	0.134887963
477	0.1186666667	0.1353253086
478	0.1184444444	0.1351799383
479	0.1183333333	0.1349583333
480	0.1182222222	0.1348287037
481	0.1186666667	0.1351521605
482	0.1185555556	0.1352091049
483	0.1185555556	0.135304784
484	0.1188888889	0.1350868827
485	0.119	0.1352140432
486	0.119	0.1353205247
487	0.1188888889	0.1351260802
488	0.1188888889	0.1351006173
489	0.1186666667	0.1349722222
490	0.1186666667	0.1350765432
491	0.1192222222	0.1354203704
492	0.1193333333	0.1355259259
493	0.1194444444	0.1356736111
494	0.1194444444	0.1356171296
495	0.1192222222	0.1353310185
496	0.1192222222	0.1353804012
497	0.1192222222	0.135346142
498	0.1195555556	0.1353128086
499	0.1195555556	0.1352822531
500	0.1197777778	0.1358217593
501	0.1198888889	0.1358921296
502	0.12	0.1360106481
503	0.1196666667	0.1356578704
504	0.12	0.1360828704
505	0.12	0.1363435185
506	0.12	0.1362691358
507	0.1204444444	0.1366337963
508	0.1203333333	0.1368189815
509	0.1202222222	0.1368641975
510	0.1201111111	0.1367570988
511	0.1202222222	0.1368796296
512	0.1205555556	0.1374776235
513	0.1204444444	0.1370902778
514	0.1203333333	0.1370069444
515	0.12	0.1373489198
516	0.1204444444	0.1373072531
517	0.1202222222	0.1371677469
518	0.1203333333	0.1371064815
519	0.1206666667	0.1372009259
520	0.1207777778	0.1377132716
521	0.1208888889	0.1378037037
522	0.1212222222	0.1380612654
523	0.1213333333	0.1379464506
524	0.1213333333	0.1379594136
525	0.1216666667	0.1381695988
526	0.1217777778	0.1381415123
527	0.1217777778	0.1384274691
528	0.1218888889	0.1386524691
529	0.1217777778	0.1387425926
530	0.122	0.138954321
531	0.1221111111	0.1393450617
532	0.122	0.138967284
533	0.1217777778	0.1392830247
534	0.1218888889	0.1393023148
535	0.1218888889	0.1393319444
536	0.1221111111	0.1393973765
537	0.1221111111	0.1393853395
538	0.1222222222	0.1393871914
539	0.1217777778	0.138841821
540	0.1218888889	0.1389603395
541	0.1217777778	0.1389473765
542	0.1218888889	0.1389390432
543	0.1222222222	0.1392029321
544	0.122	0.1392257716
545	0.122	0.1392399691
546	0.122	0.1391862654
547	0.1222222222	0.1391387346
548	0.1223333333	0.139187037
549	0.1227777778	0.1395388889
550	0.1225555556	0.1393919753
551	0.1228888889	0.1397574074
552	0.1228888889	0.1396100309
553	0.1231111111	0.1397976852
554	0.123	0.1396680556
555	0.123	0.1397669753
556	0.1227777778	0.1399030864
557	0.123	0.1400898148
558	0.1235555556	0.1403891975
559	0.1234444444	0.1403628086
560	0.1235555556	0.1404405864
561	0.1234444444	0.140603858
562	0.1233333333	0.1403748457
563	0.1233333333	0.1404257716
564	0.1233333333	0.1403958333
565	0.1231111111	0.1403492284
566	0.1232222222	0.1405205247
567	0.1232222222	0.1406618827
568	0.1232222222	0.1404828704
569	0.1235555556	0.1407902778
570	0.1234444444	0.1409223765
571	0.1236666667	0.1411373457
572	0.1235555556	0.140879321
573	0.124	0.1412649691
574	0.1237777778	0.1413969136
575	0.1237777778	0.1412112654
576	0.1234444444	0.1410723765
577	0.1236666667	0.1412486111
578	0.1238888889	0.1413967593
579	0.1237777778	0.1412828704
580	0.1238888889	0.1414621914
581	0.1237777778	0.1414137346
582	0.1237777778	0.1414970679
583	0.1237777778	0.1415905864
584	0.1238888889	0.1416606481
585	0.124	0.1417112654
586	0.124	0.1417054012
587	0.1241111111	0.1417983025
588	0.1242222222	0.1420112654
589	0.1242222222	0.141874537
590	0.1242222222	0.1419100309
591	0.1243333333	0.1420368827
592	0.1244444444	0.1422467593
593	0.1245555556	0.1424208333
594	0.1247777778	0.142566821
595	0.1247777778	0.1425464506
596	0.1248888889	0.1426816358
597	0.1248888889	0.1426779321
598	0.1248888889	0.1426412037
599	0.1245555556	0.1423597222
600	0.1245555556	0.142350463
601	0.1248888889	0.1425518519
602	0.1247777778	0.1426040123
603	0.1245555556	0.1424030864
604	0.1245555556	0.1423780864
605	0.125	0.1428384259
606	0.1246666667	0.1424537037
607	0.1247777778	0.1426080247
608	0.125	0.1428533951
609	0.1252222222	0.1431191358
610	0.1248888889	0.1429052469
611	0.125	0.1428578704
612	0.125	0.1428358025
613	0.125	0.1429117284
614	0.1253333333	0.1432993827
615	0.1255555556	0.1433219136
616	0.1255555556	0.1433990741
617	0.1254444444	0.1433941358
618	0.1255555556	0.1432469136
619	0.1256666667	0.143237963
620	0.1263333333	0.1435395062
621	0.1264444444	0.1437154321
622	0.1256666667	0.1431595679
623	0.1255555556	0.1431604938
624	0.1258888889	0.1435308642
625	0.126	0.1435734568
626	0.1257777778	0.1434469136
627	0.1258888889	0.1435516975
628	0.1258888889	0.1438433642
629	0.126	0.143933179
630	0.1262222222	0.1441229938
631	0.1262222222	0.1442970679
632	0.1262222222	0.1442436728
633	0.1263333333	0.1442902778
634	0.1265555556	0.1444592593
635	0.1265555556	0.1445986111
636	0.1264444444	0.1445319444
637	0.1267777778	0.1447066358
638	0.1268888889	0.1445998457
639	0.1268888889	0.1444677469
640	0.1264444444	0.1443205247
641	0.1263333333	0.1442381173
642	0.1264444444	0.1442310185
643	0.1266666667	0.1442665123
644	0.1263333333	0.1441554012
645	0.1266666667	0.1443871914
646	0.1265555556	0.1442751543
647	0.1267777778	0.1444362654
648	0.1267777778	0.1445430556
649	0.1265555556	0.1449134259
650	0.1264444444	0.1449013889
651	0.1265555556	0.1450662037
652	0.1265555556	0.1450195988
653	0.126	0.144574537
654	0.1262222222	0.1445662037
655	0.1261111111	0.144525463
656	0.1263333333	0.1447356481
657	0.1265555556	0.1447115741
658	0.127	0.1450010802
659	0.1271111111	0.1453310185
660	0.127	0.1452266975
661	0.1267777778	0.1450319444
662	0.1272222222	0.1452805556
663	0.1274444444	0.1452408951
664	0.1275555556	0.1454416667
665	0.1275555556	0.1450929012
666	0.1276666667	0.1450623457
667	0.1277777778	0.1450089506
668	0.1276666667	0.1448975309
669	0.1276666667	0.1451645062
670	0.1275555556	0.1451404321
671	0.1273333333	0.1451645062
672	0.1272222222	0.1451209877
673	0.1274444444	0.145229321
674	0.1273333333	0.1455166667
675	0.1273333333	0.1455824074
676	0.1271111111	0.1453833333
677	0.1272222222	0.1452805556
678	0.1275555556	0.1455930556
679	0.1275555556	0.1456050926
680	0.1274444444	0.145758179
681	0.1274444444	0.145921142
682	0.1273333333	0.1456873457
683	0.1275555556	0.1456104938
684	0.1276666667	0.1458567901
685	0.1277777778	0.1459604938
686	0.1276666667	0.1460489198
687	0.1278888889	0.1464364198
688	0.1283333333	0.1463942901
689	0.1281111111	0.1465679012
690	0.128	0.1463558642
691	0.128	0.1463257716
692	0.1282222222	0.1462526235
693	0.1278888889	0.1461608025
694	0.1281111111	0.1464219136
695	0.1281111111	0.1463933642
696	0.1281111111	0.146479784
697	0.1282222222	0.1467535494
698	0.1281111111	0.1465466049
699	0.1284444444	0.1465563272
700	0.1282222222	0.1465646605
701	0.1282222222	0.1466067901
702	0.1281111111	0.1464243827
703	0.1282222222	0.1470759259
704	0.1281111111	0.146928858
705	0.1282222222	0.1472572531
706	0.128	0.147166821
707	0.1282222222	0.1473143519
708	0.1281111111	0.1471365741
709	0.1281111111	0.147203858
710	0.1277777778	0.1470594136
711	0.128	0.1471816358
712	0.1278888889	0.1470773148
713	0.1282222222	0.1472964506
714	0.1281111111	0.1470112654
715	0.128	0.1469371914
716	0.1287777778	0.1474785494
717	0.1285555556	0.1473804012
718	0.1284444444	0.1473679012
719	0.1284444444	0.1472516975
720	0.1286666667	0.1473975309
721	0.1287777778	0.1474012346
722	0.1286666667	0.1473030864
723	0.1287777778	0.1473364198
724	0.1287777778	0.1474748457
725	0.129	0.1476847222
726	0.1288888889	0.1478112654
727	0.1287777778	0.1476844136
728	0.1286666667	0.1476714506
729	0.1287777778	0.1478353395
730	0.1287777778	0.1478521605
731	0.1287777778	0.1476563272
732	0.1286666667	0.1475347222
733	0.1288888889	0.1481069444
734	0.1287777778	0.1481391975
735	0.129	0.1478606481
736	0.1291111111	0.1479055556
737	0.129	0.1481763889
738	0.129	0.1480526235
739	0.1287777778	0.1482489198
740	0.1288888889	0.1485365741
741	0.1284444444	0.148100463
742	0.1292222222	0.1485481481
743	0.129	0.1484481481
744	0.1287777778	0.1484407407
745	0.1293333333	0.1489111111
746	0.1292222222	0.1487722222
747	0.1292222222	0.1486905864
748	0.1294444444	0.1489708333
749	0.1292222222	0.1488226852
750	0.1294444444	0.1488259259
751	0.1295555556	0.1488787037
752	0.1295555556	0.1490871914
753	0.1294444444	0.1488825617
754	0.1294444444	0.1489174383
755	0.1293333333	0.1491339506
756	0.1295555556	0.1492395062
757	0.1294444444	0.148937037
758	0.1296666667	0.1493049383
759	0.1298888889	0.1495598765
760	0.13	0.1498395062
761	0.1303333333	0.1501121914
762	0.1303333333	0.1498851852
763	0.1302222222	0.1497666667
764	0.1304444444	0.1498796296
765	0.1302222222	0.149724537
766	0.1305555556	0.1497462963
767	0.1304444444	0.149642284
768	0.1304444444	0.1496191358
769	0.1306666667	0.149792284
770	0.1305555556	0.149717284
771	0.1304444444	0.1495888889
772	0.1306666667	0.149678858
773	0.1306666667	0.1497279321
774	0.1306666667	0.1497847222
775	0.1305555556	0.1494433642
776	0.1306666667	0.1495736111
777	0.1305555556	0.1494351852
778	0.1302222222	0.1492462963
779	0.1302222222	0.1496296296
780	0.1302222222	0.1498845679
781	0.1302222222	0.1497814815
782	0.1302222222	0.1498833333
783	0.1301111111	0.1498046296
784	0.1302222222	0.1498925926
785	0.1305555556	0.1501231481
786	0.1298888889	0.1494253086
787	0.1298888889	0.150045679
788	0.1304444444	0.1500003086
789	0.1304444444	0.1505498457
790	0.1307777778	0.1506799383
791	0.1307777778	0.1506927469
792	0.131	0.1507908951
793	0.1313333333	0.1512935185
794	0.1314444444	0.1512310185
795	0.1311111111	0.151012963
796	0.1312222222	0.1510111111
797	0.1316666667	0.1513185185
798	0.1317777778	0.1512570988
799	0.1314444444	0.1512566358
800	0.1314444444	0.1512171296
801	0.1314444444	0.1513135802
802	0.1312222222	0.1511854938
803	0.1315555556	0.151558179
804	0.1316666667	0.1517876543
805	0.132	0.151541358
806	0.1316666667	0.151520216
807	0.1317777778	0.1516084877
808	0.1318888889	0.1518192901
809	0.132	0.1518554012
810	0.132	0.1518516975
811	0.1323333333	0.1519949074
812	0.1322222222	0.1519362654
813	0.1324444444	0.1521344136
814	0.1323333333	0.1524325617
815	0.1323333333	0.1523501543
816	0.1323333333	0.1523131173
817	0.1323333333	0.1522279321
818	0.1323333333	0.1524742284
819	0.1325555556	0.1525427469
820	0.1322222222	0.1524260802
821	0.1323333333	0.1524631173
822	0.1323333333	0.1524964506
823	0.1318888889	0.1522566358
824	0.1316666667	0.1523334877
825	0.1316666667	0.152303858
826	0.1318888889	0.1524316358
827	0.1317777778	0.1524072531
828	0.132	0.152653858
829	0.1317777778	0.1525186728
830	0.1317777778	0.1528760802
831	0.132	0.1528390432
832	0.1314444444	0.1524973765
833	0.1317777778	0.1527986111
834	0.132	0.1531655864
835	0.132	0.1530720679
836	0.1323333333	0.1533691358
837	0.1322222222	0.1533424383
838	0.1322222222	0.1533134259
839	0.1321111111	0.1532683642
840	0.1318888889	0.1530739198
841	0.132	0.1531575617
842	0.1318888889	0.1532595679
843	0.1318888889	0.1533498457
844	0.1316666667	0.1531862654
845	0.1318888889	0.1531978395
846	0.1316666667	0.1529904321
847	0.1315555556	0.1528904321
848	0.1316666667	0.1530246914
849	0.1318888889	0.1530700617
850	0.1318888889	0.1531092593
851	0.1316666667	0.1529155864
852	0.1316666667	0.1529763889
853	0.1318888889	0.1531898148
854	0.132	0.153287963
855	0.132	0.1534138889
856	0.132	0.1534003086
857	0.1322222222	0.1534253086
858	0.1321111111	0.1533512346
859	0.1322222222	0.1534080247
860	0.1322222222	0.1535425926
861	0.1318888889	0.1534841049
862	0.1321111111	0.1535729938
863	0.1324444444	0.1537625
864	0.1324444444	0.1538057099
865	0.1324444444	0.1536479938
866	0.1325555556	0.1536970679
867	0.1324444444	0.1535322531
868	0.1325555556	0.1537890432
869	0.1325555556	0.1538742284
870	0.1326666667	0.1541760802
871	0.1326666667	0.1542496914
872	0.1328888889	0.1542027778
873	0.1331111111	0.1543064815
874	0.1331111111	0.154179321
875	0.1332222222	0.1544061728
876	0.1333333333	0.1545237654
877	0.1333333333	0.154183642
878	0.1332222222	0.1540666667
879	0.1333333333	0.1542324074
880	0.1335555556	0.1545055556
881	0.1336666667	0.1544796296
882	0.1334444444	0.1544117284
883	0.1336666667	0.1550052469
884	0.1334444444	0.154787963
885	0.1331111111	0.1546186728
886	0.1333333333	0.1551344136
887	0.1335555556	0.155321142
888	0.1334444444	0.1550817901
889	0.1334444444	0.1553012346
890	0.1333333333	0.1551012346
891	0.1332222222	0.1551257716
892	0.1332222222	0.1551615741
893	0.1333333333	0.1552430556
894	0.1334444444	0.1552705247
895	0.1337777778	0.1554807099
896	0.1338888889	0.1556121914
897	0.1335555556	0.1555362654
898	0.1336666667	0.1556084877
899	0.1335555556	0.1553691358
900	0.1336666667	0.1555080247
901	0.1337777778	0.1553881173
902	0.134	0.1554908951
903	0.134	0.1554569444
904	0.1341111111	0.1558390432
905	0.1342222222	0.1559251543
906	0.1341111111	0.1558387346
907	0.1341111111	0.1559174383
908	0.1338888889	0.1558595679
909	0.134	0.155832716
910	0.134	0.1560919753
911	0.1338888889	0.1561404321
912	0.1336666667	0.1560270062
913	0.1338888889	0.1559529321
914	0.1337777778	0.1559177469
915	0.1337777778	0.1560149691
916	0.1338888889	0.1560692901
917	0.134	0.1561578704
918	0.1341111111	0.1562692901
919	0.1341111111	0.1564341049
920	0.1341111111	0.1566109568
921	0.1341111111	0.1566066358
922	0.1343333333	0.1567658951
923	0.1343333333	0.1566686728
924	0.1342222222	0.1565868827
925	0.1345555556	0.1567688272
926	0.1345555556	0.1567166667
927	0.1347777778	0.1569382716
928	0.1346666667	0.1569364198
929	0.1346666667	0.1570549383
930	0.1346666667	0.1571617284
931	0.1347777778	0.157204321
932	0.1347777778	0.1570084877
933	0.1348888889	0.1570566358
934	0.1351111111	0.1571955247
935	0.1351111111	0.1571862654
936	0.135	0.1572294753
937	0.135	0.1571526235
938	0.1348888889	0.1571319444
939	0.135	0.1571557099
940	0.1353333333	0.1573384259
941	0.1356666667	0.1576023148
942	0.1356666667	0.1576530864
943	0.1355555556	0.1576364198
944	0.1356666667	0.1576503086
945	0.1355555556	0.1576641975
946	0.1352222222	0.1577074074
947	0.1351111111	0.157537963
948	0.1352222222	0.1576594136
949	0.1353333333	0.1576282407
950	0.1354444444	0.1576029321
951	0.1354444444	0.1576294753
952	0.1354444444	0.1575819444
953	0.1351111111	0.1573949074
954	0.1352222222	0.1575439815
955	0.1353333333	0.1577421296
956	0.1354444444	0.1578050926
957	0.1354444444	0.1577736111
958	0.1353333333	0.1580507716
959	0.1352222222	0.157958179
960	0.1353333333	0.1581479938
961	0.1352222222	0.1581229938
962	0.1352222222	0.1580813272
963	0.1353333333	0.1580720679
964	0.1354444444	0.1581822531
965	0.1353333333	0.1580322531
966	0.1354444444	0.1582344136
967	0.1356666667	0.1583973765
968	0.1358888889	0.1584478395
969	0.1357777778	0.1584263889
970	0.1355555556	0.1585652778
971	0.1358888889	0.1584726852
972	0.1361111111	0.1588563272
973	0.1361111111	0.1589229938
974	0.1361111111	0.1589717593
975	0.1361111111	0.1589365741
976	0.1363333333	0.1590973765
977	0.1363333333	0.1590959877
978	0.1363333333	0.1590617284
979	0.1362222222	0.158850463
980	0.136	0.1588680556
981	0.136	0.1588393519
982	0.1363333333	0.1590212963
983	0.1367777778	0.1591487654
984	0.1366666667	0.1590135802
985	0.1364444444	0.1590799383
986	0.1364444444	0.1590679012
987	0.1366666667	0.1591817901
988	0.1367777778	0.1594901235
989	0.1367777778	0.1595580247
990	0.1365555556	0.1594887346
991	0.1365555556	0.1597396605
992	0.1365555556	0.1595927469
993	0.1365555556	0.1595896605
994	0.1364444444	0.1597100309
995	0.1362222222	0.1595733025
996	0.1362222222	0.1594891975
997	0.1363333333	0.1595800926
998	0.1365555556	0.1597013889
999	0.1365555556	0.1595671296
1000	0.1363333333	0.159574537
1001	0.1363333333	0.1596032407
1002	0.1363333333	0.1596912037
1003	0.1361111111	0.1594959877
1004	0.1361111111	0.1595984568
1005	0.1361111111	0.1595246914
1006	0.1362222222	0.1598141975
1007	0.1362222222	0.1596802469
1008	0.1364444444	0.1597771605
1009	0.1362222222	0.159670679
1010	0.1364444444	0.1596938272
1011	0.1365555556	0.1599046296
1012	0.1364444444	0.159774537
1013	0.1367777778	0.1599550926
1014	0.1366666667	0.1600214506
1015	0.1365555556	0.160016821
1016	0.1366666667	0.1601834877
1017	0.1365555556	0.1601621914
1018	0.1365555556	0.1601899691
1019	0.1365555556	0.1602483025
1020	0.1364444444	0.160183179
1021	0.1362222222	0.1599192901
1022	0.1362222222	0.1600188272
1023	0.1363333333	0.1600165123
1024	0.1366666667	0.1602220679
1025	0.1366666667	0.1604566358
1026	0.1368888889	0.1605307099
1027	0.1368888889	0.1605121914
1028	0.1371111111	0.1607395062
1029	0.1374444444	0.1609675926
1030	0.1374444444	0.1609490741
1031	0.1374444444	0.1609231481
1032	0.1374444444	0.1609675926
1033	0.1376666667	0.1614138889
1034	0.138	0.161625
1035	0.1378888889	0.1615305556
1036	0.1377777778	0.1613296296
1037	0.1381111111	0.1614157407
1038	0.138	0.1616212963
1039	0.138	0.1614157407
1040	0.138	0.1612381173
1041	0.1378888889	0.1613242284
1042	0.138	0.161478858
1043	0.138	0.1615878086
1044	0.138	0.1614854938
1045	0.1377777778	0.1614785494
1046	0.1378888889	0.161445216
1047	0.1375555556	0.1612609568
1048	0.1376666667	0.1613757716
1049	0.1375555556	0.1611817901
1050	0.1382222222	0.1613822531
1051	0.1377777778	0.161137037
1052	0.1378888889	0.1611546296
1053	0.1381111111	0.161620679
1054	0.1384444444	0.1618921296
1055	0.1383333333	0.1617368827
1056	0.1385555556	0.1620516975
1057	0.1384444444	0.1619498457
1058	0.1382222222	0.1619498457
1059	0.1384444444	0.1622609568
1060	0.1384444444	0.1621162037
1061	0.1385555556	0.1620655864
1062	0.1384444444	0.1622714506
1063	0.1385555556	0.1622162037
1064	0.1387777778	0.1623742284
1065	0.139	0.1624433642
1066	0.1388888889	0.1622026235
1067	0.1388888889	0.1624378086
1068	0.1388888889	0.1623344136
1069	0.1391111111	0.1623510802
1070	0.139	0.1623233025
1071	0.1391111111	0.1624899691
1072	0.1391111111	0.1625015432
1073	0.1387777778	0.1624473765
1074	0.1387777778	0.1623087963
1075	0.1386666667	0.1621989198
1076	0.1388888889	0.1624430556
1077	0.1388888889	0.1621837963
1078	0.1388888889	0.1619240741
1079	0.1388888889	0.1620592593
1080	0.1392222222	0.1623820988
1081	0.1391111111	0.1624671296
1082	0.1391111111	0.1626032407
1083	0.139	0.1626455247
1084	0.1392222222	0.1626270062
1085	0.1392222222	0.1626899691
1086	0.1394444444	0.1627936728
1087	0.1394444444	0.1627237654
1088	0.1394444444	0.1627219136
1089	0.1395555556	0.1629712963
1090	0.1394444444	0.1629287037
1091	0.1393333333	0.1629861111
1092	0.1394444444	0.1629546296
1093	0.1395555556	0.1630472222
1094	0.1396666667	0.1630608025
1095	0.1394444444	0.1629407407
1096	0.1391111111	0.1629354938
1097	0.1392222222	0.1630027778
1098	0.1394444444	0.1632185185
1099	0.1394444444	0.163392284
1100	0.1394444444	0.1632742284
1101	0.1394444444	0.163329784
1102	0.1395555556	0.163253858
1103	0.1394444444	0.1633013889
1104	0.1393333333	0.1630115741
1105	0.1394444444	0.162825
1106	0.1395555556	0.1629157407
1107	0.1395555556	0.1628462963
1108	0.1397777778	0.1634824074
1109	0.1397777778	0.1641345679
1110	0.1397777778	0.1640419753
1111	0.1398888889	0.164279321
1112	0.1401111111	0.1644493827
1113	0.14	0.1642179012
1114	0.1398888889	0.1642376543
1115	0.1397777778	0.1642904321
1116	0.1398888889	0.1646404321
1117	0.1398888889	0.1648385802
1118	0.1401111111	0.1650030864
1119	0.1402222222	0.1650688272
1120	0.1404444444	0.1651401235
1121	0.1402222222	0.1652132716
1122	0.1404444444	0.1653688272
1123	0.1404444444	0.1650552469
1124	0.1408888889	0.1653570988
1125	0.1407777778	0.1653237654
1126	0.1406666667	0.1653455247
1127	0.1406666667	0.1657094136
1128	0.1406666667	0.1654307099
1129	0.1404444444	0.1652760802
1130	0.1407777778	0.1652967593
1131	0.1408888889	0.1653375
1132	0.1407777778	0.1653439815
1133	0.1408888889	0.1656078704
1134	0.1408888889	0.1655791667
1135	0.1407777778	0.165475463
1136	0.1407777778	0.1654733025
1137	0.1406666667	0.1652353395
1138	0.1407777778	0.1653186728
1139	0.1405555556	0.1653631173
1140	0.1406666667	0.1654612654
1141	0.1406666667	0.1654927469
1142	0.1408888889	0.1657270062
1143	0.1407777778	0.1658933642
1144	0.1406666667	0.1661180556
1145	0.1405555556	0.1659930556
1146	0.1405555556	0.1658662037
1147	0.1405555556	0.1657800926
1148	0.1404444444	0.1657541667
1149	0.1403333333	0.1656337963
1150	0.1402222222	0.1656115741
1151	0.1405555556	0.1659662037
1152	0.1404444444	0.1658458333
1153	0.1403333333	0.1657115741
1154	0.1404444444	0.1657527778
1155	0.1404444444	0.1658441358
1156	0.1405555556	0.1659515432
1157	0.1404444444	0.1659459877
1158	0.1404444444	0.1656700617
1159	0.1403333333	0.165775463
1160	0.1402222222	0.1658445988
1161	0.1403333333	0.1659615741
1162	0.1403333333	0.1659554012
1163	0.1406666667	0.1659483025
1164	0.1407777778	0.165991821
1165	0.1406666667	0.1659662037
1166	0.1406666667	0.1659847222
1167	0.1406666667	0.1659217593
1168	0.1408888889	0.1660907407
1169	0.1407777778	0.1660694444
1170	0.1408888889	0.1660597222
1171	0.1406666667	0.1657640432
1172	0.1405555556	0.165678858
1173	0.1411111111	0.1661342593
1174	0.1412222222	0.1661777778
1175	0.141	0.1659513889
1176	0.1411111111	0.166025
1177	0.1413333333	0.1662808642
1178	0.1413333333	0.1664054012
1179	0.1412222222	0.1663554012
1180	0.141	0.1663273148
1181	0.1411111111	0.1663949074
1182	0.1412222222	0.1663597222
1183	0.1411111111	0.166345216
1184	0.1414444444	0.1664393519
1185	0.1412222222	0.1663748457
1186	0.1414444444	0.166504784
1187	0.1414444444	0.1665236111
1188	0.1412222222	0.1664600309
1189	0.1412222222	0.1664646605
1190	0.1412222222	0.166471142
1191	0.1413333333	0.1665810185
1192	0.1417777778	0.1668773148
1193	0.1414444444	0.1667800926
1194	0.1412222222	0.166746142
1195	0.1415555556	0.1667276235
1196	0.1415555556	0.1667396605
1197	0.1417777778	0.1669341049
1198	0.1417777778	0.166946142
1199	0.1414444444	0.1666507716
1200	0.1413333333	0.166596142
1201	0.1411111111	0.166508179
1202	0.1411111111	0.1666118827
1203	0.1411111111	0.1665516975
1204	0.1413333333	0.1666368827
1205	0.1413333333	0.166699537
1206	0.1413333333	0.1666393519
1207	0.1414444444	0.1668433642
1208	0.1414444444	0.1667016975
1209	0.1415555556	0.1668174383
1210	0.1415555556	0.1668489198
1211	0.1414444444	0.1667226852
1212	0.1416666667	0.1668939815
1213	0.1416666667	0.1669050926
1214	0.1415555556	0.1668439815
1215	0.1415555556	0.1669915123
1216	0.1415555556	0.166895216
1217	0.1415555556	0.1668118827
1218	0.1416666667	0.1670100309
1219	0.1418888889	0.1671757716
1220	0.1417777778	0.1671396605
1221	0.1418888889	0.1673229938
1222	0.1418888889	0.1672776235
1223	0.1417777778	0.167196142
1224	0.1415555556	0.1673141975
1225	0.1415555556	0.1673339506
1226	0.1417777778	0.167441358
1227	0.1414444444	0.1672283951
1228	0.1417777778	0.1673466049
1229	0.1417777778	0.167357716
1230	0.1416666667	0.1673438272
1231	0.1415555556	0.1673484568
1232	0.1413333333	0.1670924383
1233	0.1414444444	0.1671878086
1234	0.1415555556	0.167183179
1235	0.1415555556	0.1671530864
1236	0.1413333333	0.167182716
1237	0.1413333333	0.167058642
1238	0.1411111111	0.1670141975
1239	0.1411111111	0.1670734568
1240	0.1411111111	0.1670984568
1241	0.1411111111	0.1671395062
1242	0.1412222222	0.1671345679
1243	0.1412222222	0.1670049383
1244	0.1411111111	0.1670651235
1245	0.141	0.1670243827
1246	0.1408888889	0.1670975309
1247	0.1408888889	0.1669660494
1248	0.1408888889	0.1670993827
1249	0.1408888889	0.1669660494
1250	0.141	0.1670604938
1251	0.1411111111	0.1670484568
1252	0.1413333333	0.1671867284
1253	0.1413333333	0.1672830247
1254	0.1414444444	0.1673780864
1255	0.1414444444	0.1673975309
1256	0.1414444444	0.1673996914
1257	0.1413333333	0.167432716
1258	0.1413333333	0.1675114198
1259	0.1414444444	0.1676401235
1260	0.1416666667	0.1678030864
1261	0.1417777778	0.1677891975
1262	0.1418888889	0.1679549383
1263	0.1418888889	0.1679691358
1264	0.1417777778	0.1679246914
1265	0.1416666667	0.167754321
1266	0.1417777778	0.1677876543
1267	0.142	0.167842284
1268	0.1418888889	0.1678237654
1269	0.1421111111	0.1681429012
1270	0.1422222222	0.1684354938
1271	0.1421111111	0.1683007716
1272	0.1422222222	0.168208179
1273	0.1421111111	0.1680021605
1274	0.142	0.1679121914
1275	0.1418888889	0.167979321
1276	0.1418888889	0.1679746914
1277	0.142	0.1681830247
1278	0.1421111111	0.1682589506
1279	0.1424444444	0.1683959877
1280	0.1424444444	0.1685617284
1281	0.1425555556	0.168717284
1282	0.1424444444	0.1685645062
1283	0.1424444444	0.1686145062
1284	0.1428888889	0.1688682099
1285	0.1427777778	0.1688839506
1286	0.1426666667	0.1686737654
1287	0.1425555556	0.1687682099
1288	0.1426666667	0.168767284
1289	0.1426666667	0.1688126543
1290	0.1426666667	0.1688608025
1291	0.1428888889	0.1690682099
1292	0.143	0.1691270062
1293	0.1428888889	0.1690691358
1294	0.1427777778	0.1692382716
1295	0.1425555556	0.1690783951
1296	0.1425555556	0.1691570988
1297	0.143	0.1693135802
1298	0.143	0.1692271605
1299	0.1434444444	0.1694558642
1300	0.1433333333	0.1693265432
1301	0.1434444444	0.1694450617
1302	0.1436666667	0.1694469136
1303	0.1433333333	0.1691719136
1304	0.1433333333	0.1692546296
1305	0.1434444444	0.1692225309
1306	0.1433333333	0.1691864198
1307	0.1432222222	0.169357716
1308	0.1433333333	0.1696132716
1309	0.1434444444	0.1697651235
1310	0.1433333333	0.1694748457
1311	0.1432222222	0.169303858
1312	0.1431111111	0.1693233025
1313	0.1432222222	0.1693674383
1314	0.1433333333	0.1690973765
1315	0.1434444444	0.1691594136
1316	0.1434444444	0.1691816358
1317	0.1435555556	0.1693146605
1318	0.1433333333	0.1691924383
1319	0.1434444444	0.1692498457
1320	0.1436666667	0.1694510802
1321	0.1435555556	0.169428858
1322	0.1434444444	0.169408179
1323	0.1436666667	0.1693044753
1324	0.1436666667	0.169391821
1325	0.1435555556	0.1694973765
1326	0.1435555556	0.1693529321
1327	0.1436666667	0.169529784
1328	0.1441111111	0.1696899691
1329	0.1438888889	0.1696189815
1330	0.1438888889	0.1698307099
1331	0.144	0.1700149691
1332	0.144	0.1700177469
1333	0.1437777778	0.169917284
1334	0.1438888889	0.1700858025
1335	0.144	0.1702191358
1336	0.1441111111	0.1700888889
1337	0.144	0.1701691358
1338	0.1442222222	0.1701262346
1339	0.1442222222	0.1702330247
1340	0.1444444444	0.170357716
1341	0.1448888889	0.1705114198
1342	0.1447777778	0.1704762346
1343	0.1448888889	0.1704979938
1344	0.1447777778	0.1706050926
1345	0.1444444444	0.1702625
1346	0.1444444444	0.1704194444
1347	0.1444444444	0.1703324074
1348	0.1445555556	0.170407716
1349	0.1447777778	0.1705435185
1350	0.1447777778	0.1704990741
1351	0.1447777778	0.170562963
1352	0.1447777778	0.1706277778
1353	0.1451111111	0.170717284
1354	0.1446666667	0.170479321
1355	0.1447777778	0.1703740741
1356	0.1447777778	0.1705324074
1357	0.1444444444	0.1704435185
1358	0.145	0.1709412037
1359	0.1447777778	0.1708180556
1360	0.1446666667	0.1707282407
1361	0.1446666667	0.1707344136
1362	0.1444444444	0.1706001543
1363	0.1444444444	0.1707154321
1364	0.1444444444	0.1706867284
1365	0.1446666667	0.1708395062
1366	0.1451111111	0.1711376543
1367	0.1452222222	0.171116358
1368	0.1448888889	0.1708166667
1369	0.1452222222	0.1710302469
1370	0.1453333333	0.1711731481
1371	0.1452222222	0.1709768519
1372	0.1452222222	0.1711055556
1373	0.1452222222	0.1710240741
1374	0.1454444444	0.1713476852
1375	0.1453333333	0.1713311728
1376	0.1455555556	0.1715682099
1377	0.1453333333	0.1711737654
1378	0.1448888889	0.1709638889
1379	0.145	0.170925
1380	0.1448888889	0.170825
1381	0.145	0.1707925926
1382	0.1452222222	0.1709611111
1383	0.1453333333	0.1710666667
1384	0.1453333333	0.171120679
1385	0.1452222222	0.1710884259
1386	0.1453333333	0.1711859568
1387	0.1454444444	0.1711350309
1388	0.1454444444	0.1711591049
1389	0.1456666667	0.1712192901
1390	0.1454444444	0.1711319444
1391	0.1456666667	0.1713069444
1392	0.1456666667	0.1713003086
1393	0.1458888889	0.171595679
1394	0.1461111111	0.171721142
1395	0.146	0.1718134259
1396	0.1461111111	0.1718415123
1397	0.1458888889	0.1718558642
1398	0.1461111111	0.1719666667
1399	0.1462222222	0.1720324074
1400	0.1463333333	0.1722125
1401	0.1463333333	0.1722402778
1402	0.1465555556	0.1726060185
1403	0.1466666667	0.1727263889
1404	0.1464444444	0.1722467593
1405	0.1463333333	0.1724804012
1406	0.1462222222	0.172333179
1407	0.1463333333	0.1724165123
1408	0.1464444444	0.172754784
1409	0.1465555556	0.172945216
1410	0.1466666667	0.1729493827
1411	0.1466666667	0.1728533951
1412	0.1468888889	0.1729657407
1413	0.1467777778	0.1727990741
1414	0.1466666667	0.172758642
1415	0.1465555556	0.1725790123
1416	0.1464444444	0.1725382716
1417	0.1464444444	0.1725888889
1418	0.1467777778	0.172732716
1419	0.1467777778	0.1726345679
1420	0.1467777778	0.1726345679
1421	0.1467777778	0.1726962963
1422	0.1467777778	0.1728351852
1423	0.147	0.1729912037
1424	0.1474444444	0.173078858
1425	0.1468888889	0.1727936728
1426	0.147	0.1728598765
1427	0.1467777778	0.1726904321
1428	0.1467777778	0.1726533951
1429	0.147	0.1727774691
1430	0.1468888889	0.1725404321
1431	0.1471111111	0.1727901235
1432	0.1473333333	0.1729962963
1433	0.147	0.1727518519
1434	0.1473333333	0.1729925926
1435	0.1473333333	0.1731382716
1436	0.1474444444	0.1730623457
1437	0.1476666667	0.173445679
1438	0.1474444444	0.1737067901
1439	0.1472222222	0.1735802469
1440	0.1472222222	0.1736552469
1441	0.1472222222	0.1737632716
1442	0.1466666667	0.1735132716
1443	0.1472222222	0.1736759259
1444	0.147	0.1736199074
1445	0.1472222222	0.1738214506
1446	0.1473333333	0.1739078704
1447	0.1474444444	0.1739782407
1448	0.1474444444	0.1740421296
1449	0.1474444444	0.1740274691
1450	0.1472222222	0.1738742284
1451	0.1473333333	0.1739069444
1452	0.1471111111	0.1735425926
1453	0.1472222222	0.1736092593
1454	0.1472222222	0.173462963
1455	0.1472222222	0.1735518519
1456	0.1471111111	0.1734185185
1457	0.1473333333	0.173487037
1458	0.1472222222	0.1735441358
1459	0.1473333333	0.1737959877
1460	0.1474444444	0.1738388889
1461	0.1478888889	0.1743259259
1462	0.1476666667	0.174162037
1463	0.1475555556	0.1742145062
1464	0.1474444444	0.1742067901
1465	0.1477777778	0.1743373457
1466	0.1478888889	0.1744487654
1467	0.148	0.1745246914
1468	0.1476666667	0.174004321
1469	0.1476666667	0.1741108025
1470	0.1476666667	0.1744033951
1471	0.1477777778	0.1741274691
1472	0.1476666667	0.1740950617
1473	0.1478888889	0.174554321
1474	0.1478888889	0.1746881173
1475	0.1477777778	0.1744612654
1476	0.1476666667	0.174428858
1477	0.1478888889	0.1743183642
1478	0.1478888889	0.1747140432
1479	0.1476666667	0.174541821
1480	0.1478888889	0.1742779321
1481	0.1476666667	0.1741720679
1482	0.1475555556	0.1743390432
1483	0.1477777778	0.1742945988
1484	0.1476666667	0.174328858
1485	0.1476666667	0.1743316358
1486	0.1477777778	0.1744658951
1487	0.1476666667	0.1747304012
1488	0.1478888889	0.1748942901
1489	0.1478888889	0.1746862654
1490	0.1481111111	0.1748853395
1491	0.1483333333	0.1748714506
1492	0.1482222222	0.1747307099
1493	0.1481111111	0.1747075617
1494	0.1477777778	0.1744770062
1495	0.1476666667	0.1744520062
1496	0.1473333333	0.1741992284
1497	0.1474444444	0.174566358
1498	0.1477777778	0.1748487654
1499	0.1476666667	0.1747561728
1500	0.148	0.1749783951
1501	0.148	0.174942284
1502	0.1478888889	0.1749260802
1503	0.1477777778	0.175004321
1504	0.1477777778	0.1750487654
1505	0.1477777778	0.1751251543
1506	0.1475555556	0.1749557099
1507	0.1476666667	0.1750575617
1508	0.1475555556	0.1751140432
1509	0.1477777778	0.1751936728
1510	0.1477777778	0.1751770062
1511	0.1478888889	0.1752427469
1512	0.1477777778	0.1753876543
1513	0.1482222222	0.175645216
1514	0.148	0.175508179
1515	0.1481111111	0.1756841049
1516	0.148	0.1756878086
1517	0.1483333333	0.1759921296
1518	0.148	0.1757574074
1519	0.1481111111	0.1756064815
1520	0.1484444444	0.1758439815
1521	0.1485555556	0.1760567901
1522	0.1485555556	0.1760162037
1523	0.1485555556	0.1760217593
1524	0.1483333333	0.1760050926
1525	0.1481111111	0.1759609568
1526	0.1484444444	0.1762220679
1527	0.1483333333	0.1762350309
1528	0.1481111111	0.1759757716
1529	0.1478888889	0.1758486111
1530	0.148	0.1758850309
1531	0.1481111111	0.1759998457
1532	0.1482222222	0.1759595679
1533	0.1481111111	0.1759040123
1534	0.1478888889	0.1757947531
1535	0.1481111111	0.1759373457
1536	0.1481111111	0.1760095679
1537	0.1481111111	0.176033179
1538	0.1483333333	0.176158179
1539	0.1485555556	0.1764054012
1540	0.1485555556	0.176333642
1541	0.1485555556	0.1763475309
1542	0.1486666667	0.1764660494
1543	0.1485555556	0.1763521605
1544	0.1487777778	0.176458642
1545	0.1487777778	0.1763753086
1546	0.149	0.1765040123
1547	0.1488888889	0.1766845679
1548	0.1488888889	0.1769049383
1549	0.1486666667	0.1765027778
1550	0.1488888889	0.1767472222
1551	0.1487777778	0.1767808642
1552	0.1486666667	0.1766512346
1553	0.1491111111	0.1767021605
1554	0.1491111111	0.1766737654
1555	0.1488888889	0.1765191358
1556	0.1487777778	0.1767614198
1557	0.1487777778	0.1766549383
1558	0.1485555556	0.1766493827
1559	0.1485555556	0.176508642
1560	0.1486666667	0.1765268519
1561	0.1488888889	0.1766148148
1562	0.1492222222	0.1767703704
1563	0.1494444444	0.1770944444
1564	0.1491111111	0.1768240741
1565	0.1491111111	0.1768703704
1566	0.1492222222	0.1768851852
1567	0.1493333333	0.1769253086
1568	0.1491111111	0.1768719136
1569	0.1493333333	0.1770864198
1570	0.1492222222	0.1771049383
1571	0.1491111111	0.1770165123
1572	0.1494444444	0.1772424383
1573	0.1492222222	0.1772986111
1574	0.1495555556	0.1774628086
1575	0.1495555556	0.1776236111
1576	0.1497777778	0.1776319444
1577	0.1502222222	0.1778652778
1578	0.1501111111	0.1779078704
1579	0.1497777778	0.1777449074
1580	0.1498888889	0.1779683642
1581	0.1495555556	0.1777683642
1582	0.1494444444	0.1776350309
1583	0.1496666667	0.1777893519
1584	0.1501111111	0.1779609568
1585	0.1503333333	0.1779430556
1586	0.1501111111	0.1778875
1587	0.1501111111	0.177733179
1588	0.1501111111	0.1777569444
1589	0.15	0.1778205247
1590	0.1498888889	0.1778689815
1591	0.15	0.1779634259
1592	0.1497777778	0.1778375
1593	0.1501111111	0.1778353395
1594	0.1501111111	0.1780205247
1595	0.1501111111	0.1781378086
1596	0.1498888889	0.1780970679
1597	0.1501111111	0.1783541667
1598	0.1501111111	0.1783476852
1599	0.1497777778	0.1782618827
1600	0.1497777778	0.1782970679
1601	0.1497777778	0.1785304012
1602	0.15	0.1785149691
1603	0.1501111111	0.1784439815
1604	0.15	0.1782845679
1605	0.1497777778	0.1781598765
1606	0.1498888889	0.1783944444
1607	0.1497777778	0.178341821
1608	0.1498888889	0.1784816358
1609	0.1498888889	0.1783149691
1610	0.15	0.1787964506
1611	0.15	0.1785770062
1612	0.1501111111	0.1786054012
1613	0.1498888889	0.1787665123
1614	0.1498888889	0.1787507716
1615	0.1498888889	0.1784313272
1616	0.1501111111	0.1788470679
1617	0.1502222222	0.1786942901
1618	0.1502222222	0.1783396605
1619	0.1502222222	0.1784591049
1620	0.1501111111	0.1782924383
1621	0.1501111111	0.1783016975
1622	0.1504444444	0.1782887346
1623	0.1502222222	0.178258179
1624	0.1503333333	0.178570216
1625	0.1503333333	0.1785692901
1626	0.1504444444	0.1785804012
1627	0.1503333333	0.1785933642
1628	0.1503333333	0.1786739198
1629	0.1503333333	0.1786692901
1630	0.1505555556	0.1788066358
1631	0.1505555556	0.1788057099
1632	0.1508888889	0.1789816358
1633	0.1508888889	0.1790121914
1634	0.151	0.1792662037
1635	0.151	0.1791828704
1636	0.1513333333	0.1794359568
1637	0.1514444444	0.1799572531
1638	0.1514444444	0.1799544753
1639	0.1513333333	0.1797106481
1640	0.1512222222	0.1796810185
1641	0.151	0.1798837963
1642	0.1512222222	0.1796597222
1643	0.1512222222	0.1796226852
1644	0.1512222222	0.1796875
1645	0.151	0.1795967593
1646	0.1507777778	0.1792986111
1647	0.1507777778	0.1796313272
1648	0.1511111111	0.1797341049
1649	0.1512222222	0.1797507716
1650	0.1511111111	0.1797603395
1651	0.1511111111	0.1796825617
1652	0.1512222222	0.1797787037
1653	0.1514444444	0.1797037037
1654	0.1515555556	0.1799503086
1655	0.1515555556	0.1802697531
1656	0.1515555556	0.1801489198
1657	0.1515555556	0.1800657407
1658	0.1514444444	0.1802148148
1659	0.1514444444	0.1799117284
1660	0.1514444444	0.1795382716
1661	0.1515555556	0.1797382716
1662	0.1516666667	0.1799919753
1663	0.1518888889	0.1801294753
1664	0.1514444444	0.1799609568
1665	0.1517777778	0.1801029321
1666	0.1513333333	0.1797029321
1667	0.1511111111	0.1797399691
1668	0.151	0.1796010802
1669	0.1508888889	0.1796820988
1670	0.1508888889	0.1795057099
1671	0.151	0.179616821
1672	0.1512222222	0.1798316358
1673	0.1512222222	0.1798689815
1674	0.1514444444	0.1799847222
1675	0.1515555556	0.179928858
1676	0.1517777778	0.1801853395
1677	0.1516666667	0.1801492284
1678	0.1516666667	0.1802910494
1679	0.1516666667	0.1802466049
1680	0.1517777778	0.1802813272
1681	0.1514444444	0.1800868827
1682	0.1513333333	0.1798445988
1683	0.1515555556	0.1801989198
1684	0.152	0.1804433642
1685	0.1521111111	0.1803729938
1686	0.152	0.1801421296
1687	0.1521111111	0.180329784
1688	0.1522222222	0.1804146605
1689	0.1523333333	0.1806632716
1690	0.1524444444	0.1804891975
1691	0.1525555556	0.180666358
1692	0.1525555556	0.1807885802
1693	0.1524444444	0.1806867284
1694	0.1523333333	0.1806691358
1695	0.1523333333	0.1805944444
1696	0.1524444444	0.1806155864
1697	0.1525555556	0.180670679
1698	0.1525555556	0.1807197531
1699	0.1524444444	0.1807410494
1700	0.1526666667	0.1809651235
1701	0.1528888889	0.1811175926
1702	0.1528888889	0.1811641975
1703	0.1528888889	0.1811104938
1704	0.153	0.181420216
1705	0.1531111111	0.1815507716
1706	0.1531111111	0.1818100309
1707	0.1532222222	0.1818580247
1708	0.1531111111	0.1819217593
1709	0.1531111111	0.1818476852
1710	0.1533333333	0.181895216
1711	0.1532222222	0.1817799383
1712	0.1532222222	0.181882716
1713	0.1532222222	0.181833642
1714	0.1534444444	0.1819938272
1715	0.1533333333	0.1819814815
1716	0.1532222222	0.1816990741
1717	0.1534444444	0.1819953704
1718	0.1534444444	0.1818779321
1719	0.1531111111	0.1818691358
1720	0.1533333333	0.1819941358
1721	0.1533333333	0.1818759259
1722	0.1535555556	0.182016358
1723	0.1536666667	0.1822200617
1724	0.1536666667	0.182092284
1725	0.1536666667	0.182067284
1726	0.1536666667	0.1820135802
1727	0.1533333333	0.1820246914
1728	0.1534444444	0.1819052469
1729	0.1535555556	0.1819506173
1730	0.1535555556	0.1821367284
1731	0.1536666667	0.1825450617
1732	0.1537777778	0.1827339506
1733	0.1541111111	0.1829820988
1734	0.1541111111	0.1829376543
1735	0.1541111111	0.1831112654
1736	0.1541111111	0.1831520062
1737	0.1543333333	0.1832265432
1738	0.1543333333	0.1832570988
1739	0.1538888889	0.183116358
1740	0.1537777778	0.1830700617
1741	0.154	0.1830824074
1742	0.1538888889	0.1830259259
1743	0.1541111111	0.1831490741
1744	0.1543333333	0.1833395062
1745	0.1544444444	0.1833972222
1746	0.1545555556	0.1834760802
1747	0.1544444444	0.1834881173
1748	0.1542222222	0.1834631173
1749	0.1544444444	0.183479784
1750	0.1543333333	0.183154321
1751	0.1542222222	0.1833598765
1752	0.154	0.1831617284
1753	0.1538888889	0.1831876543
1754	0.154	0.1830820988
1755	0.1542222222	0.1835765432
1756	0.1543333333	0.1835947531
1757	0.1538888889	0.183342284
1758	0.1541111111	0.1834603395
1759	0.154	0.1833251543
1760	0.1542222222	0.1834001543
1761	0.1543333333	0.1834834877
1762	0.1541111111	0.1836594136
1763	0.1544444444	0.1837601852
1764	0.1544444444	0.183612037
1765	0.1542222222	0.1833416667
1766	0.154	0.1833018519
1767	0.1541111111	0.1833638889
1768	0.154	0.1833604938
1769	0.1542222222	0.1834753086
1770	0.1543333333	0.18355
1771	0.1542222222	0.1835046296
1772	0.1543333333	0.1837037037
1773	0.1544444444	0.1839700617
1774	0.1545555556	0.1839740741
1775	0.1544444444	0.1839324074
1776	0.1545555556	0.1840558642
1777	0.1545555556	0.1840637346
1778	0.1545555556	0.1841143519
1779	0.1545555556	0.1840513889
1780	0.1545555556	0.1839945988
1781	0.1544444444	0.1840356481
1782	0.1543333333	0.1839597222
1783	0.1543333333	0.1840029321
1784	0.1543333333	0.1840671296
1785	0.1544444444	0.1844473765
1786	0.1544444444	0.1844279321
1787	0.1547777778	0.1845908951
1788	0.1551111111	0.1847489198
1789	0.1547777778	0.1845044753
1790	0.1551111111	0.1847679012
1791	0.155	0.1846493827
1792	0.1548888889	0.1846012346
1793	0.1547777778	0.1844373457
1794	0.1544444444	0.1843433642
1795	0.1545555556	0.1843072531
1796	0.1548888889	0.1843591049
1797	0.1547777778	0.184316358
1798	0.1546666667	0.1842825617
1799	0.1546666667	0.1843964506
1800	0.1548888889	0.1844992284
1801	0.1548888889	0.184625463
1802	0.1548888889	0.1846158951
1803	0.1552222222	0.1847405864
1804	0.1555555556	0.1849322531
1805	0.1554444444	0.1847652778
1806	0.1551111111	0.1846026235
1807	0.1553333333	0.1847976852
1808	0.1552222222	0.184724537
1809	0.1552222222	0.1846527778
1810	0.1551111111	0.1847035494
1811	0.1551111111	0.1846233025
1812	0.1552222222	0.1845774691
1813	0.155	0.1845768519
1814	0.1554444444	0.1849132716
1815	0.1554444444	0.1848935185
1816	0.1556666667	0.1849583333
1817	0.1555555556	0.184887963
1818	0.1554444444	0.184862037
1819	0.1555555556	0.185074537
1820	0.1552222222	0.1850819444
1821	0.1553333333	0.1852171296
1822	0.1553333333	0.1853152778
1823	0.155	0.185046142
1824	0.1552222222	0.1853759259
1825	0.1552222222	0.1851641975
1826	0.1553333333	0.1852257716
1827	0.1554444444	0.1855748457
1828	0.1552222222	0.185046142
1829	0.1552222222	0.1850535494
1830	0.1552222222	0.185383179
1831	0.1551111111	0.1853688272
1832	0.155	0.1853591049
1833	0.1554444444	0.1856115741
1834	0.1556666667	0.1858040123
1835	0.1556666667	0.1857762346
1836	0.1555555556	0.1854651235
1837	0.1556666667	0.1855540123
1838	0.1558888889	0.1857521605
1839	0.156	0.1858725309
1840	0.156	0.1858595679
1841	0.1558888889	0.1858058642
1842	0.1558888889	0.1858169753
1843	0.156	0.1858929012
1844	0.1561111111	0.1860114198
1845	0.156	0.1860652778
1846	0.1557777778	0.1858486111
1847	0.156	0.1859657407
1848	0.1558888889	0.1859425926
1849	0.156	0.1861416667
1850	0.1561111111	0.1862162037
1851	0.1558888889	0.1860865741
1852	0.1562222222	0.1862722222
1853	0.1561111111	0.1861361111
1854	0.1563333333	0.1863138889
1855	0.1558888889	0.1861984568
1856	0.1561111111	0.1863790123
1857	0.1563333333	0.1867583333
1858	0.1564444444	0.1868138889
1859	0.1566666667	0.1872121914
1860	0.1565555556	0.187129321
1861	0.1567777778	0.1873057099
1862	0.1567777778	0.1874390432
1863	0.1568888889	0.1874791667
1864	0.1568888889	0.1874458333
1865	0.157	0.1873390432
1866	0.1571111111	0.1871427469
1867	0.1571111111	0.187529784
1868	0.1572222222	0.1877356481
1869	0.1572222222	0.1879092593
1870	0.1571111111	0.1878027778
1871	0.1572222222	0.1878287037
1872	0.1573333333	0.1878927469
1873	0.1573333333	0.188091821
1874	0.1573333333	0.1881510802
1875	0.1573333333	0.1880848765
1876	0.1574444444	0.1881589506
1877	0.1575555556	0.188229321
1878	0.1575555556	0.1883533951
1879	0.1577777778	0.1884219136
1880	0.1577777778	0.1883737654
1881	0.1576666667	0.1882478395
1882	0.1575555556	0.1881996914
1883	0.1577777778	0.188367284
1884	0.158	0.1884768519
1885	0.158	0.1885597222
1886	0.158	0.1885023148
1887	0.158	0.1884325617
1888	0.1578888889	0.1882763889
1889	0.1581111111	0.1885233025
1890	0.1581111111	0.1885695988
1891	0.1582222222	0.1886020062
1892	0.1582222222	0.1884325617
1893	0.158	0.1884316358
1894	0.1582222222	0.1884742284
1895	0.1583333333	0.1885733025
1896	0.1583333333	0.1886010802
1897	0.1583333333	0.1885959877
1898	0.1582222222	0.1885108025
1899	0.1583333333	0.1884950617
1900	0.1582222222	0.1885075617
1901	0.1582222222	0.1882526235
1902	0.1583333333	0.1883692901
1903	0.1583333333	0.1885359568
1904	0.158	0.1883501543
1905	0.158	0.1882501543
1906	0.158	0.1882408951
1907	0.158	0.1883057099
1908	0.158	0.1883635802
1909	0.1578888889	0.1881334877
1910	0.1578888889	0.1882141975
1911	0.1578888889	0.1883408951
1912	0.158	0.1881155864
1913	0.1584444444	0.1883572531
1914	0.1584444444	0.1883896605
1915	0.1587777778	0.1885887346
1916	0.1586666667	0.1885262346
1917	0.1586666667	0.1884466049
1918	0.1588888889	0.1886262346
1919	0.1588888889	0.1886271605
1920	0.1588888889	0.188608642
1921	0.1588888889	0.1886512346
1922	0.159	0.1886283951
1923	0.1588888889	0.1886506173
1924	0.1588888889	0.1888111111
1925	0.1588888889	0.1888398148
1926	0.1588888889	0.1888574074
1927	0.1588888889	0.1889333333
1928	0.1586666667	0.1888666667
1929	0.1587777778	0.1888765432
1930	0.1587777778	0.1888117284
1931	0.1587777778	0.1887277778
1932	0.1588888889	0.1887635802
1933	0.159	0.1889135802
1934	0.159	0.1890317901
1935	0.1587777778	0.189020216
1936	0.159	0.1891070988
1937	0.1588888889	0.1891391975
1938	0.1587777778	0.1888817901
1939	0.1588888889	0.1887441358
1940	0.1588888889	0.1887492284
1941	0.1588888889	0.1888112654
1942	0.1586666667	0.1888158951
1943	0.1587777778	0.1888501543
1944	0.1588888889	0.189095679
1945	0.1586666667	0.1890520062
1946	0.1586666667	0.1889455247
1947	0.1585555556	0.1889112654
1948	0.1586666667	0.1891020062
1949	0.1587777778	0.189049537
1950	0.1584444444	0.188779784
1951	0.1584444444	0.188766821
1952	0.1583333333	0.188954321
1953	0.1586666667	0.1890765432
1954	0.1587777778	0.1893597222
1955	0.1587777778	0.189403858
1956	0.1588888889	0.1894455247
1957	0.1588888889	0.1892936728
1958	0.1586666667	0.1894134259
1959	0.1585555556	0.1893856481
1960	0.1591111111	0.1896949074
1961	0.159	0.1896615741
1962	0.1592222222	0.1897751543
1963	0.159	0.189729784
1964	0.159	0.1895969136
1965	0.159	0.189504321
1966	0.1591111111	0.1896046296
1967	0.1591111111	0.1895515432
1968	0.1592222222	0.1896262346
1969	0.1592222222	0.1895924383
1970	0.1593333333	0.1895643519
1971	0.1594444444	0.1897785494
1972	0.1592222222	0.189783179
1973	0.1594444444	0.189991821
1974	0.1593333333	0.189916821
1975	0.1591111111	0.1897044753
1976	0.1593333333	0.1897476852
1977	0.1593333333	0.1897587963
1978	0.1593333333	0.1898291667
1979	0.1594444444	0.18985
1980	0.1594444444	0.1899699074
1981	0.1596666667	0.1900513889
1982	0.1595555556	0.1900662037
1983	0.1594444444	0.1899763889
1984	0.1595555556	0.1900837963
1985	0.1595555556	0.1900666667
1986	0.1598888889	0.1902203704
1987	0.1596666667	0.19015
1988	0.1595555556	0.190112963
1989	0.1594444444	0.1900564815
1990	0.1594444444	0.1900358025
1991	0.1595555556	0.1902305556
1992	0.1595555556	0.1901541667
1993	0.1592222222	0.1897979938
1994	0.1592222222	0.1898350309
1995	0.1594444444	0.1899782407
1996	0.1594444444	0.1899239198
1997	0.1595555556	0.190033179
1998	0.1595555556	0.189996142
1999	0.1593333333	0.1896949074
