iter	QueryRMSE	PrecisionAt:top=5	MAP:top=5
0	0.1899185563	0.05633333333	0.04563070988
1	0.1896865637	0.07322222222	0.07347854938
2	0.1894565671	0.07511111111	0.07681651235
3	0.1892460699	0.07744444444	0.07896867284
4	0.189033607	0.07988888889	0.08326466049
5	0.188841695	0.08122222222	0.08481018519
6	0.1886540971	0.08166666667	0.08589598765
7	0.1884606203	0.08188888889	0.08601234568
8	0.1882742996	0.084	0.08972361111
9	0.1881010896	0.08533333333	0.09252098765
10	0.1879405176	0.08455555556	0.09379351852
11	0.1877705317	0.08622222222	0.09658209877
12	0.1876154488	0.08644444444	0.09595709877
13	0.187470407	0.08633333333	0.09747700617
14	0.1873169716	0.08655555556	0.09701311728
15	0.187172308	0.08644444444	0.09654320988
16	0.1870414538	0.08566666667	0.09614645062
17	0.1869126359	0.08655555556	0.09879305556
18	0.186785852	0.08644444444	0.09803425926
19	0.1866635755	0.08711111111	0.09914490741
20	0.1865477778	0.08722222222	0.09918132716
21	0.1864306737	0.08766666667	0.1004643519
22	0.186324239	0.08733333333	0.1002493827
23	0.1862101025	0.08744444444	0.0998742284
24	0.1861070506	0.08755555556	0.09985895062
25	0.1859988198	0.08811111111	0.1009808642
26	0.1858985275	0.088	0.100954784
27	0.1857940835	0.08977777778	0.1032527778
28	0.1856993255	0.08855555556	0.1028089506
29	0.1855938963	0.08944444444	0.1032807099
30	0.1855008625	0.09	0.1036800926
31	0.185414038	0.09011111111	0.1038541667
32	0.1853205434	0.09011111111	0.1037847222
33	0.1852315313	0.09033333333	0.1044841049
34	0.1851477212	0.09033333333	0.1048239198
35	0.1850682865	0.09055555556	0.1047881173
36	0.1849820092	0.09066666667	0.104812963
37	0.1849082829	0.09111111111	0.1057822531
38	0.1848292808	0.091	0.1055083333
39	0.1847534586	0.09144444444	0.1060695988
40	0.1846777457	0.09166666667	0.1055705247
41	0.1846012473	0.09177777778	0.1057580247
42	0.1845300581	0.09233333333	0.1070578704
43	0.1844614399	0.09222222222	0.1073449074
44	0.1843925334	0.09244444444	0.1070444444
45	0.1843182466	0.093	0.1074171296
46	0.1842416384	0.094	0.1083391975
47	0.1841735954	0.09388888889	0.1084657407
48	0.1841150745	0.09422222222	0.1088589506
49	0.1840492439	0.09444444444	0.1089141975
50	0.1839811933	0.09477777778	0.109792284
51	0.1839235079	0.095	0.1100660494
52	0.1838623542	0.09555555556	0.1103453704
53	0.1838024766	0.09555555556	0.1098970679
54	0.1837432272	0.09555555556	0.1099824074
55	0.1836819608	0.09566666667	0.1101833333
56	0.1836329893	0.09588888889	0.1101731481
57	0.1835716229	0.09622222222	0.1108990741
58	0.1835139023	0.09577777778	0.1109145062
59	0.1834650897	0.09555555556	0.1106723765
60	0.1834075074	0.09711111111	0.1109404321
61	0.1833566005	0.09711111111	0.1110137346
62	0.1833112121	0.09688888889	0.1111469136
63	0.1832682282	0.09688888889	0.1107533951
64	0.1832068083	0.09722222222	0.1122862654
65	0.183158398	0.09766666667	0.1125705247
66	0.1831114436	0.09733333333	0.1122604938
67	0.1830605697	0.09744444444	0.112557716
68	0.1830077928	0.098	0.1130503086
69	0.1829456069	0.09822222222	0.1135138889
70	0.1829040703	0.09877777778	0.1138111111
71	0.1828570777	0.09866666667	0.1140993827
72	0.1828148657	0.09855555556	0.1138320988
73	0.1827680725	0.09877777778	0.1138396605
74	0.182723261	0.09855555556	0.1137794753
75	0.1826732204	0.09911111111	0.1147199074
76	0.1826371956	0.09911111111	0.1150550926
77	0.1825882823	0.09966666667	0.1156844136
78	0.1825479467	0.09988888889	0.1162808642
79	0.1825080165	0.1002222222	0.1168151235
80	0.1824675165	0.1004444444	0.1167833333
81	0.1824262562	0.1003333333	0.116512037
82	0.1823849095	0.1004444444	0.1162450617
83	0.1823463315	0.1003333333	0.1162662037
84	0.1823139094	0.1004444444	0.1161037037
85	0.1822758077	0.1008888889	0.1164320988
86	0.1822451823	0.1007777778	0.1164962963
87	0.1822118603	0.1007777778	0.1167074074
88	0.1821735001	0.1008888889	0.1168123457
89	0.1821401867	0.1013333333	0.116907716
90	0.1821033138	0.1011111111	0.1169205247
91	0.1820662631	0.1021111111	0.1174600309
92	0.1820312707	0.1021111111	0.1174587963
93	0.181995231	0.1022222222	0.1175337963
94	0.1819671356	0.102	0.1173875
95	0.1819379304	0.1018888889	0.1170976852
96	0.1819095477	0.1018888889	0.116991821
97	0.1818754721	0.1017777778	0.1174513889
98	0.181844383	0.1016666667	0.1170356481
99	0.1818131062	0.1022222222	0.1169260802
100	0.1817817887	0.1025555556	0.1170216049
101	0.1817471997	0.103	0.1184305556
102	0.1817140069	0.1028888889	0.1183024691
103	0.1816896457	0.1031111111	0.1181617284
104	0.1816541859	0.1032222222	0.1188058642
105	0.1816288277	0.1034444444	0.1195027778
106	0.1816038084	0.1036666667	0.1186314815
107	0.1815810869	0.1037777778	0.1187354938
108	0.1815521023	0.1037777778	0.1190521605
109	0.1815266142	0.1037777778	0.1190679012
110	0.1815016383	0.1043333333	0.11945
111	0.1814767832	0.1043333333	0.1199356481
112	0.1814463844	0.1051111111	0.1208574074
113	0.1814153689	0.1056666667	0.1211953704
114	0.1813906059	0.1055555556	0.1210574074
115	0.1813624505	0.1058888889	0.1216891975
116	0.181334249	0.1056666667	0.1216546296
117	0.1813087221	0.1055555556	0.1216314815
118	0.181280347	0.1057777778	0.1217632716
119	0.1812474392	0.106	0.1221115741
120	0.1812260101	0.106	0.1218583333
121	0.1812057855	0.1057777778	0.1216492284
122	0.1811806906	0.1061111111	0.122208642
123	0.1811569627	0.1065555556	0.1226455247
124	0.1811360196	0.1063333333	0.1227390432
125	0.1811058768	0.1065555556	0.1228256173
126	0.1810843115	0.1065555556	0.1233878086
127	0.1810652264	0.1062222222	0.1229726852
128	0.1810439904	0.1065555556	0.1232583333
129	0.1810243852	0.1066666667	0.1234273148
130	0.1810013315	0.1064444444	0.123312963
131	0.1809729729	0.1065555556	0.1232606481
132	0.1809468474	0.1066666667	0.1232421296
133	0.1809275454	0.1067777778	0.1233837963
134	0.1809028148	0.1067777778	0.1234427469
135	0.1808819377	0.1068888889	0.1239899691
136	0.1808603	0.107	0.1240830247
137	0.1808400034	0.1075555556	0.1243802469
138	0.1808140307	0.1083333333	0.1246830247
139	0.1807926053	0.1083333333	0.1246932099
140	0.1807734095	0.1085555556	0.1247867284
141	0.1807479338	0.1087777778	0.1250516975
142	0.1807284324	0.1088888889	0.1251359568
143	0.1807062813	0.1091111111	0.1252641975
144	0.1806874322	0.1091111111	0.1248734568
145	0.1806663183	0.1095555556	0.1256009259
146	0.1806469024	0.1094444444	0.1255222222
147	0.1806286083	0.1092222222	0.1256898148
148	0.1806115692	0.1095555556	0.1258401235
149	0.1805880033	0.1098888889	0.1260552469
150	0.180569205	0.1101111111	0.1262316358
151	0.180549562	0.1103333333	0.1264334877
152	0.1805316875	0.1102222222	0.1266381173
153	0.1805087782	0.1108888889	0.1270057099
154	0.1804930817	0.1108888889	0.1267652778
155	0.180476625	0.1108888889	0.1267041667
156	0.1804583295	0.1112222222	0.1269680556
157	0.1804425347	0.1113333333	0.1274828704
158	0.1804277475	0.1115555556	0.1279140432
159	0.1804096744	0.1113333333	0.1277341049
160	0.1803934988	0.1115555556	0.1280239198
161	0.1803695088	0.1123333333	0.1285464506
162	0.1803470669	0.1124444444	0.1288972222
163	0.1803278356	0.1125555556	0.1291919753
164	0.1803117546	0.1123333333	0.1291140432
165	0.1802928288	0.1125555556	0.128804784
166	0.1802756184	0.1128888889	0.1289844136
167	0.1802571677	0.1131111111	0.1289998457
168	0.1802410919	0.1131111111	0.1290649691
169	0.1802302779	0.113	0.1286609568
170	0.1802177642	0.113	0.128675463
171	0.1801966827	0.113	0.1291680556
172	0.1801790032	0.1132222222	0.1294365741
173	0.1801575221	0.1133333333	0.1295066358
174	0.1801422339	0.1133333333	0.1294751543
175	0.1801235636	0.1134444444	0.1294121914
176	0.1801110014	0.1135555556	0.1295387346
177	0.1800977335	0.1135555556	0.1295979938
178	0.1800838125	0.1136666667	0.1301294753
179	0.1800681389	0.1137777778	0.1301708333
180	0.1800543764	0.1138888889	0.1301300926
181	0.1800423172	0.1136666667	0.130100463
182	0.1800281681	0.1136666667	0.1302023148
183	0.1800169465	0.1137777778	0.1302310185
184	0.1800049306	0.1138888889	0.1301816358
185	0.1799897794	0.1141111111	0.1301955247
186	0.1799762703	0.1141111111	0.1301689815
187	0.1799639539	0.1142222222	0.1308381173
188	0.17995163	0.1141111111	0.1306686728
189	0.1799399845	0.1142222222	0.130966821
190	0.179929595	0.114	0.1307655864
191	0.1799170741	0.1138888889	0.1303924383
192	0.1799025849	0.1142222222	0.1310936728
193	0.1798906253	0.1144444444	0.1314714506
194	0.1798749502	0.1148888889	0.1317260802
195	0.1798572159	0.1151111111	0.1316816358
196	0.1798463531	0.1151111111	0.1315445988
197	0.1798273608	0.1153333333	0.1319242284
198	0.1798149748	0.1155555556	0.1316658951
199	0.1798020068	0.1158888889	0.1318072531
200	0.1797905664	0.1158888889	0.1323165123
201	0.1797783305	0.1156666667	0.1321100309
202	0.1797682265	0.1155555556	0.1320279321
203	0.1797546637	0.1155555556	0.132112963
204	0.1797463023	0.1161111111	0.1324958333
205	0.1797353092	0.1163333333	0.1326819444
206	0.1797234421	0.116	0.1330013889
207	0.1797135145	0.1164444444	0.1331810185
208	0.1796940359	0.1168888889	0.1333541667
209	0.1796830237	0.1168888889	0.1337699074
210	0.1796737063	0.117	0.1335689815
211	0.1796623438	0.1167777778	0.1332594136
212	0.179650014	0.1167777778	0.1333862654
213	0.1796338666	0.1171111111	0.1333742284
214	0.1796245833	0.1172222222	0.1334720679
215	0.1796107406	0.1172222222	0.1334044753
216	0.179597426	0.117	0.1335692901
217	0.1795874132	0.117	0.1334662037
218	0.1795757878	0.1171111111	0.1337337963
219	0.1795650164	0.1172222222	0.1339162037
220	0.1795503716	0.1174444444	0.1341763889
221	0.1795399026	0.1174444444	0.1342902778
222	0.1795263574	0.1178888889	0.1344490741
223	0.1795043888	0.1184444444	0.135412037
224	0.1794886225	0.1184444444	0.1354145062
225	0.1794813238	0.1184444444	0.1354773148
226	0.1794681617	0.1184444444	0.1355015432
227	0.1794584969	0.1185555556	0.1355719136
228	0.1794482057	0.1187777778	0.1356475309
229	0.1794376805	0.1187777778	0.1354990741
230	0.1794236807	0.1187777778	0.1356049383
231	0.1794126671	0.1188888889	0.1361058642
232	0.1794051165	0.1188888889	0.1358054012
233	0.1793936946	0.1188888889	0.1360950617
234	0.1793804795	0.1187777778	0.136128858
235	0.1793675984	0.1188888889	0.136228858
236	0.1793599161	0.1188888889	0.1361362654
237	0.1793521864	0.1192222222	0.1365257716
238	0.1793405412	0.1192222222	0.1365405864
239	0.1793264153	0.1194444444	0.1367933642
240	0.1793178383	0.119	0.1362905864
241	0.1793036613	0.1188888889	0.1366655864
242	0.1792928111	0.1192222222	0.1372067901
243	0.1792870439	0.1195555556	0.1373419753
244	0.1792784594	0.1194444444	0.1371600309
245	0.1792700027	0.1196666667	0.1376058642
246	0.179255726	0.1201111111	0.137917284
247	0.1792452706	0.1203333333	0.1380645062
248	0.1792364468	0.1201111111	0.1374939815
249	0.179229271	0.1202222222	0.1374708333
250	0.1792205349	0.1201111111	0.1375166667
251	0.1792115181	0.1202222222	0.1377342593
252	0.1792024882	0.1203333333	0.1373237654
253	0.1791912103	0.1206666667	0.1377441358
254	0.1791795294	0.1205555556	0.137779784
255	0.1791718688	0.1206666667	0.1378353395
256	0.1791662234	0.1207777778	0.1377575617
257	0.179158957	0.1208888889	0.137979321
258	0.1791534429	0.1207777778	0.1378848765
259	0.1791384854	0.1207777778	0.1381283951
260	0.1791324854	0.1208888889	0.1381487654
261	0.1791256342	0.1208888889	0.1381882716
262	0.1791163189	0.1208888889	0.1381197531
263	0.1791033764	0.1205555556	0.1380265432
264	0.1790954885	0.1205555556	0.1380330247
265	0.1790841225	0.1206666667	0.1384223765
266	0.1790792375	0.1206666667	0.1385979938
267	0.1790708817	0.1206666667	0.1381118827
268	0.1790630193	0.1206666667	0.1385396605
269	0.1790540588	0.121	0.1386887346
270	0.1790446824	0.1212222222	0.1389466049
271	0.1790365894	0.1211111111	0.1392450617
272	0.1790271613	0.1212222222	0.1393669753
273	0.1790159717	0.1211111111	0.1389817901
274	0.1790052958	0.1211111111	0.1391725309
275	0.1789950954	0.1212222222	0.1389845679
276	0.1789829978	0.1216666667	0.139458642
277	0.178975879	0.1216666667	0.1394067901
278	0.1789643086	0.1213333333	0.1393864198
279	0.1789555881	0.1216666667	0.1392419753
280	0.1789425783	0.1221111111	0.1398104938
281	0.1789328657	0.122	0.1400067901
282	0.1789256475	0.1217777778	0.1400447531
283	0.178917826	0.1218888889	0.1400993827
284	0.1789109126	0.122	0.1404049383
285	0.1788991037	0.1222222222	0.1404493827
286	0.1788908205	0.1222222222	0.1402410494
287	0.1788837952	0.1222222222	0.1404780864
288	0.1788690948	0.1227777778	0.1410688272
289	0.1788586341	0.1227777778	0.1410929012
290	0.1788530516	0.123	0.1411058642
291	0.1788416603	0.1233333333	0.1414012346
292	0.1788351386	0.1231111111	0.1411771605
293	0.1788236375	0.1231111111	0.1413345679
294	0.1788108027	0.1232222222	0.1413441358
295	0.1788034137	0.1231111111	0.1410552469
296	0.1787965174	0.1232222222	0.1413756173
297	0.1787917439	0.1232222222	0.1413200617
298	0.1787777894	0.1234444444	0.1413623457
299	0.1787691879	0.1234444444	0.1413987654
300	0.1787626826	0.1233333333	0.1413283951
301	0.1787541218	0.1231111111	0.140991358
302	0.1787474181	0.1231111111	0.1409469136
303	0.1787368	0.1232222222	0.1409774691
304	0.1787301769	0.1231111111	0.1408277778
305	0.178724811	0.123	0.1408972222
306	0.1787169805	0.1225555556	0.1406916667
307	0.1787063192	0.1224444444	0.1405685185
308	0.1786973935	0.1228888889	0.1410049383
309	0.1786910798	0.1232222222	0.1411891975
310	0.1786850651	0.1233333333	0.1414067901
311	0.178677589	0.1236666667	0.1415308642
312	0.1786681026	0.1235555556	0.1416466049
313	0.1786565241	0.1235555556	0.1417027778
314	0.1786511153	0.1236666667	0.1416148148
315	0.1786421383	0.1238888889	0.1417916667
316	0.1786335143	0.1242222222	0.1419212963
317	0.1786287372	0.1243333333	0.1419425926
318	0.1786207918	0.1241111111	0.1416287037
319	0.1786145117	0.1242222222	0.1417027778
320	0.1786043299	0.124	0.1419518519
321	0.1785997895	0.1237777778	0.1416722222
322	0.1785938115	0.1237777778	0.1415240741
323	0.1785845412	0.1238888889	0.141412037
324	0.1785722049	0.1241111111	0.1415257716
325	0.1785653146	0.1242222222	0.1416859568
326	0.1785595973	0.1241111111	0.1416322531
327	0.1785535148	0.124	0.1417513889
328	0.1785485605	0.1241111111	0.1418782407
329	0.1785378556	0.1241111111	0.1422152778
330	0.1785232706	0.1242222222	0.142250463
331	0.1785170435	0.1241111111	0.1423171296
332	0.1785101811	0.1241111111	0.142396142
333	0.1785039928	0.124	0.1423225309
334	0.1784953511	0.1242222222	0.1427191358
335	0.1784908118	0.1243333333	0.1426981481
336	0.1784844358	0.1242222222	0.1426765432
337	0.1784782006	0.1243333333	0.1427891975
338	0.178472262	0.1242222222	0.1424179012
339	0.1784650561	0.1246666667	0.142641358
340	0.1784602752	0.1246666667	0.1429395062
341	0.1784511214	0.1246666667	0.1432046296
342	0.1784467645	0.1248888889	0.143337963
343	0.1784391398	0.1248888889	0.1435231481
344	0.1784336944	0.125	0.1436037037
345	0.1784255955	0.1252222222	0.143775
346	0.1784154834	0.1253333333	0.1441111111
347	0.178406837	0.1254444444	0.1439287037
348	0.1784009079	0.1255555556	0.1438685185
349	0.178389546	0.1258888889	0.1441740741
350	0.1783805824	0.1256666667	0.1444476852
351	0.1783723751	0.126	0.1446171296
352	0.1783649975	0.1257777778	0.1442328704
353	0.1783561099	0.126	0.1446611111
354	0.1783483371	0.1261111111	0.1446990741
355	0.1783428185	0.1262222222	0.1447759259
356	0.1783277817	0.1262222222	0.1445611111
357	0.1783158157	0.1263333333	0.1445263889
358	0.1783088962	0.1263333333	0.1447111111
359	0.1783028241	0.1263333333	0.1447712963
360	0.1782934431	0.1264444444	0.1448854938
361	0.1782891921	0.1265555556	0.1452003086
362	0.1782830549	0.1266666667	0.1454910494
363	0.178277042	0.1267777778	0.1460669753
364	0.1782709225	0.1267777778	0.1460901235
365	0.1782629573	0.1268888889	0.1461410494
366	0.1782576586	0.127	0.1461891975
367	0.1782497554	0.1272222222	0.1463237654
368	0.1782411233	0.1272222222	0.1463160494
369	0.1782319255	0.1271111111	0.1465364198
370	0.1782207927	0.1272222222	0.1466391975
371	0.1782158901	0.1272222222	0.146920679
372	0.1782090696	0.1275555556	0.1472612654
373	0.178203793	0.1276666667	0.1472853395
374	0.1781902151	0.1276666667	0.1475356481
375	0.1781848333	0.1276666667	0.1477415123
376	0.1781739977	0.1276666667	0.1478597222
377	0.1781665133	0.1274444444	0.1478643519
378	0.1781598566	0.1274444444	0.1476949074
379	0.1781542745	0.1275555556	0.1477263889
380	0.178147354	0.1275555556	0.1478808642
381	0.1781438506	0.1274444444	0.147895679
382	0.1781349165	0.1275555556	0.1477354938
383	0.1781256819	0.1275555556	0.1474688272
384	0.1781150796	0.1277777778	0.147757716
385	0.1781063989	0.1284444444	0.1476219136
386	0.1780992781	0.1284444444	0.1479885802
387	0.1780928775	0.1285555556	0.1480154321
388	0.1780836559	0.1286666667	0.1481780864
389	0.1780795568	0.1286666667	0.1481703704
390	0.1780761125	0.1287777778	0.1481259259
391	0.1780694427	0.1286666667	0.1480729938
392	0.1780626222	0.1287777778	0.1484023148
393	0.1780520916	0.1287777778	0.1484976852
394	0.1780427856	0.1287777778	0.1483594136
395	0.1780344466	0.129	0.1487239198
396	0.1780294218	0.1288888889	0.1486603395
397	0.1780202949	0.1288888889	0.1485924383
398	0.1780145182	0.1288888889	0.1484054012
399	0.1780087026	0.1287777778	0.1484501543
400	0.1779968137	0.1291111111	0.1489239198
401	0.1779886183	0.1291111111	0.1494771605
402	0.177981642	0.1291111111	0.1493305556
403	0.1779736931	0.1291111111	0.1491848765
404	0.1779626088	0.1293333333	0.149417284
405	0.1779558266	0.1297777778	0.1498185185
406	0.1779464866	0.1297777778	0.1498648148
407	0.1779380263	0.1296666667	0.1498462963
408	0.1779317377	0.1297777778	0.150149537
409	0.1779255149	0.1297777778	0.1501680556
410	0.1779179081	0.1296666667	0.1500375
411	0.1779093475	0.1296666667	0.1501825617
412	0.1778992335	0.1296666667	0.1506347222
413	0.1778927896	0.1296666667	0.1505304012
414	0.1778883046	0.1296666667	0.1505396605
415	0.1778830783	0.1297777778	0.1506655864
416	0.1778753605	0.1296666667	0.1505976852
417	0.1778647375	0.13	0.1509391975
418	0.1778575388	0.1301111111	0.1509916667
419	0.1778517611	0.1302222222	0.1509768519
420	0.1778413294	0.1303333333	0.151292284
421	0.1778334888	0.1302222222	0.1511533951
422	0.1778270317	0.1302222222	0.1513694444
423	0.1778179197	0.1302222222	0.151712037
424	0.1778113361	0.13	0.1515404321
425	0.1778060417	0.1301111111	0.1516385802
426	0.1777971635	0.1302222222	0.151837963
427	0.1777880706	0.1301111111	0.1519030864
428	0.1777814267	0.1302222222	0.1518256173
429	0.1777763407	0.1302222222	0.1516604938
430	0.1777688544	0.1302222222	0.1514969136
431	0.1777578115	0.13	0.151466358
432	0.1777490791	0.1301111111	0.1514373457
433	0.1777419346	0.1304444444	0.151562037
434	0.1777343687	0.1304444444	0.151662037
435	0.1777279573	0.1305555556	0.1516138889
436	0.1777188401	0.1306666667	0.1518262346
437	0.1777103012	0.1306666667	0.1520509259
438	0.177700076	0.1308888889	0.152162963
439	0.1776930163	0.1306666667	0.1520388889
440	0.1776876802	0.1306666667	0.1520819444
441	0.177678307	0.131	0.1521949074
442	0.1776733086	0.1311111111	0.1522365741
443	0.1776678616	0.1307777778	0.1522236111
444	0.1776608705	0.1308888889	0.1518023148
445	0.1776537328	0.1312222222	0.1519694444
446	0.1776464758	0.1308888889	0.1516490741
447	0.1776346562	0.1308888889	0.1519356481
448	0.177621492	0.1304444444	0.1517162037
449	0.1776127086	0.1304444444	0.151649537
450	0.177607648	0.1305555556	0.1516001543
451	0.1775993527	0.1307777778	0.1516899691
452	0.1775932187	0.1307777778	0.1516890432
453	0.1775840668	0.1312222222	0.1520445988
454	0.1775771242	0.1315555556	0.1524501543
455	0.1775711457	0.1315555556	0.1523143519
456	0.1775641141	0.1313333333	0.1523865741
457	0.1775565305	0.1311111111	0.1522199074
458	0.1775501112	0.1313333333	0.1533138889
459	0.1775434151	0.1313333333	0.1532027778
460	0.1775362709	0.1313333333	0.1530101852
461	0.1775302142	0.1314444444	0.153087963
462	0.1775234195	0.1316666667	0.1534964506
463	0.1775159435	0.1316666667	0.1535094136
464	0.177507297	0.132	0.1534575617
465	0.1775014307	0.1321111111	0.1534945988
466	0.1774938437	0.132	0.1535106481
467	0.1774880849	0.1321111111	0.1536013889
468	0.1774809189	0.1322222222	0.1537162037
469	0.1774733338	0.1322222222	0.153825463
470	0.1774659141	0.1322222222	0.1537606481
471	0.177456129	0.1322222222	0.1537587963
472	0.1774488702	0.1322222222	0.1541486111
473	0.1774417854	0.1322222222	0.1542226852
474	0.1774337123	0.1322222222	0.1541337963
475	0.1774282118	0.1322222222	0.1542699074
476	0.1774200101	0.1322222222	0.1541449074
477	0.1774145022	0.1322222222	0.1541177469
478	0.1774047855	0.1323333333	0.1545834877
479	0.1773956955	0.1322222222	0.1544557099
480	0.1773898099	0.1322222222	0.154366821
481	0.1773827056	0.1323333333	0.1546742284
482	0.1773747506	0.1324444444	0.1549029321
483	0.1773678245	0.1324444444	0.154891821
484	0.177361831	0.1325555556	0.155053858
485	0.1773546431	0.1325555556	0.1550908951
486	0.17734782	0.1325555556	0.1551001543
487	0.1773418655	0.1325555556	0.1549347222
488	0.1773366725	0.1327777778	0.1550532407
489	0.1773285073	0.1328888889	0.1551087963
490	0.1773198387	0.133	0.1555115741
491	0.1773131759	0.1331111111	0.1554705247
492	0.17730769	0.1331111111	0.1554955247
493	0.17730082	0.1331111111	0.1556121914
494	0.1772943323	0.1331111111	0.1554844136
495	0.1772866929	0.1334444444	0.1556510802
496	0.1772788005	0.1334444444	0.1560075617
497	0.1772711055	0.1336666667	0.1561779321
498	0.1772625056	0.1337777778	0.1562399691
499	0.1772530949	0.1336666667	0.1562800926
500	0.1772483617	0.1335555556	0.1562708333
501	0.1772419733	0.1334444444	0.1562523148
502	0.1772328392	0.1335555556	0.1560766975
503	0.1772262583	0.134	0.1563621914
504	0.1772209195	0.1343333333	0.156604784
505	0.1772154058	0.1342222222	0.1568648148
506	0.1772082054	0.1342222222	0.1569867284
507	0.1772016217	0.1338888889	0.1568546296
508	0.1771956467	0.134	0.1569564815
509	0.1771902099	0.1345555556	0.1574614198
510	0.1771844183	0.1344444444	0.1573842593
511	0.1771761495	0.1344444444	0.1574328704
512	0.1771682236	0.1345555556	0.157433179
513	0.1771610249	0.1346666667	0.1575634259
514	0.1771536415	0.1346666667	0.1577208333
515	0.1771452406	0.1346666667	0.1577819444
516	0.1771391277	0.1346666667	0.1576268519
517	0.1771338909	0.1346666667	0.1576447531
518	0.1771279814	0.1346666667	0.1576817901
519	0.1771228987	0.1348888889	0.1576694444
520	0.1771188169	0.1351111111	0.1578125
521	0.1771101979	0.1354444444	0.1580199074
522	0.1771018123	0.1356666667	0.1583486111
523	0.177094408	0.1358888889	0.1586898148
524	0.1770879045	0.136	0.1587393519
525	0.1770799551	0.136	0.158733179
526	0.1770759119	0.1358888889	0.1586165123
527	0.1770696673	0.1358888889	0.1587942901
528	0.1770632047	0.136	0.1588035494
529	0.1770564384	0.136	0.1588896605
530	0.1770507934	0.136	0.1589637346
531	0.1770434039	0.136	0.1588489198
532	0.1770373659	0.1362222222	0.1590902778
533	0.177031914	0.1364444444	0.1591837963
534	0.1770250096	0.1367777778	0.1595444444
535	0.1770169952	0.1368888889	0.1595203704
536	0.1770112846	0.1368888889	0.1594444444
537	0.1770062512	0.137	0.1599842593
538	0.1769997975	0.137	0.1599688272
539	0.176994819	0.1371111111	0.1601632716
540	0.1769864644	0.1368888889	0.1600688272
541	0.1769809182	0.1368888889	0.1602942901
542	0.1769760244	0.137	0.160295679
543	0.1769708593	0.1371111111	0.1603975309
544	0.1769636598	0.1373333333	0.1604716049
545	0.1769578483	0.1372222222	0.1604725309
546	0.1769497629	0.1374444444	0.160645679
547	0.1769443864	0.1373333333	0.1605734568
548	0.1769384353	0.1374444444	0.160687037
549	0.1769332379	0.1372222222	0.1604907407
550	0.1769278279	0.1368888889	0.1603074074
551	0.1769208955	0.1367777778	0.160337963
552	0.1769156851	0.1367777778	0.1601416667
553	0.1769093176	0.1368888889	0.1603694444
554	0.1769031	0.1368888889	0.1603231481
555	0.1768974391	0.1368888889	0.1602768519
556	0.1768927335	0.137	0.1604092593
557	0.1768875297	0.1372222222	0.1604583333
558	0.1768809204	0.1372222222	0.1604555556
559	0.1768754796	0.1374444444	0.1607648148
560	0.176870235	0.1374444444	0.1609083333
561	0.1768605924	0.1376666667	0.1611574074
562	0.1768554078	0.1377777778	0.1613722222
563	0.1768485883	0.138	0.1617657407
564	0.1768400671	0.138	0.1617416667
565	0.1768344419	0.138	0.161737963
566	0.1768264326	0.138	0.1618509259
567	0.1768188086	0.1382222222	0.1620314815
568	0.1768129145	0.1381111111	0.1618188272
569	0.1768071754	0.1381111111	0.1619055556
570	0.1767965436	0.1383333333	0.1620475309
571	0.1767916156	0.1383333333	0.1622790123
572	0.1767829154	0.1382222222	0.1619700617
573	0.1767764641	0.1381111111	0.1618669753
574	0.1767688278	0.1383333333	0.1619780864
575	0.1767645555	0.1384444444	0.1620385802
576	0.1767594166	0.1384444444	0.162066358
577	0.1767536737	0.1385555556	0.1621358025
578	0.176746539	0.1387777778	0.1621416667
579	0.176741397	0.1388888889	0.1625398148
580	0.1767352532	0.1386666667	0.1625455247
581	0.1767272591	0.1386666667	0.1626782407
582	0.1767185675	0.1386666667	0.1624291667
583	0.1767130477	0.1386666667	0.1624445988
584	0.1767057785	0.1388888889	0.1627075617
585	0.1766996402	0.1387777778	0.1626844136
586	0.1766941104	0.1391111111	0.1631029321
587	0.176684639	0.1388888889	0.1629521605
588	0.1766800969	0.1388888889	0.1629058642
589	0.1766761482	0.1387777778	0.1629555556
590	0.1766694812	0.1387777778	0.1630449074
591	0.1766630653	0.1388888889	0.1629060185
592	0.1766578031	0.1387777778	0.1628425926
593	0.1766528375	0.1391111111	0.1633722222
594	0.1766475012	0.1394444444	0.1636768519
595	0.176640778	0.1395555556	0.1636655864
596	0.1766335092	0.1395555556	0.1632162037
597	0.1766302403	0.1395555556	0.1631236111
598	0.1766244699	0.1396666667	0.1635236111
599	0.1766187073	0.1396666667	0.1636655864
600	0.1766122335	0.1396666667	0.1636998457
601	0.1766074549	0.1396666667	0.1636239198
602	0.1766005264	0.1398888889	0.1637845679
603	0.1765951569	0.1398888889	0.163696142
604	0.176589834	0.14	0.1639027778
605	0.1765835758	0.14	0.1638842593
606	0.1765765943	0.1401111111	0.1644675926
607	0.1765696688	0.1398888889	0.1643935185
608	0.1765633617	0.1398888889	0.1640768519
609	0.1765570835	0.14	0.1641037037
610	0.176549007	0.1397777778	0.1640611111
611	0.1765418714	0.1398888889	0.1641027778
612	0.176536044	0.14	0.1642731481
613	0.1765305355	0.14	0.164574537
614	0.1765256862	0.1397777778	0.1645328704
615	0.1765184583	0.1398888889	0.1647041667
616	0.1765141798	0.14	0.1647773148
617	0.1765059878	0.1402222222	0.164674537
618	0.1764973994	0.1401111111	0.1645884259
619	0.1764885653	0.1398888889	0.1644208333
620	0.1764841247	0.1401111111	0.1646819444
621	0.1764780506	0.1398888889	0.1646050926
622	0.1764731995	0.1397777778	0.1644157407
623	0.1764676089	0.1398888889	0.1645296296
624	0.1764622545	0.14	0.164616821
625	0.1764575635	0.14	0.1646557099
626	0.1764513112	0.14	0.1646328704
627	0.1764450587	0.14	0.1645893519
628	0.1764396807	0.1401111111	0.164674537
629	0.1764322932	0.1402222222	0.1648944444
630	0.1764256619	0.1402222222	0.1648808642
631	0.1764201638	0.1402222222	0.1648808642
632	0.1764135624	0.1402222222	0.164882716
633	0.1764080904	0.1401111111	0.1649521605
634	0.176404216	0.1401111111	0.1649842593
635	0.1763976631	0.1401111111	0.1649865741
636	0.1763926892	0.14	0.1649402778
637	0.1763881418	0.1401111111	0.1650569444
638	0.1763773993	0.1402222222	0.1652717593
639	0.1763724389	0.1401111111	0.1650722222
640	0.1763666729	0.1402222222	0.1651601852
641	0.1763604927	0.1404444444	0.165362037
642	0.1763559659	0.1404444444	0.1653634259
643	0.1763500031	0.1404444444	0.165254784
644	0.1763454461	0.1404444444	0.1654075617
645	0.1763392504	0.1402222222	0.1652557099
646	0.1763328909	0.1403333333	0.1653310185
647	0.1763282688	0.1406666667	0.1655655864
648	0.176323373	0.1411111111	0.1659132716
649	0.1763182769	0.1411111111	0.1658515432
650	0.1763137641	0.1408888889	0.1657774691
651	0.1763086385	0.1408888889	0.1658885802
652	0.1763018665	0.141	0.1660978395
653	0.1762983423	0.1407777778	0.1659762346
654	0.1762935327	0.1406666667	0.1659614198
655	0.1762875822	0.1406666667	0.1659447531
656	0.176281669	0.141	0.1661308642
657	0.1762765505	0.141	0.1661192901
658	0.176272747	0.141	0.1660470679
659	0.1762694724	0.1411111111	0.1660637346
660	0.1762614151	0.1411111111	0.1661729938
661	0.176253292	0.1411111111	0.1662540123
662	0.1762458593	0.1412222222	0.1662294753
663	0.1762403953	0.1413333333	0.1663868827
664	0.1762350433	0.1414444444	0.1664516975
665	0.1762291068	0.1414444444	0.1665498457
666	0.1762234476	0.1416666667	0.1667165123
667	0.1762168404	0.142	0.166995679
668	0.176211326	0.142	0.1670373457
669	0.1762048633	0.1421111111	0.1671410494
670	0.1762009015	0.1422222222	0.167257716
671	0.1761952045	0.1424444444	0.1674540123
672	0.1761873042	0.1425555556	0.1674268519
673	0.1761841448	0.1425555556	0.1674268519
674	0.1761773701	0.1425555556	0.1675185185
675	0.1761711159	0.1426666667	0.1674634259
676	0.17616789	0.1425555556	0.1674060185
677	0.1761622373	0.1426666667	0.1675291667
678	0.176157645	0.1426666667	0.1675229938
679	0.176151265	0.1426666667	0.1675808642
680	0.1761450981	0.1425555556	0.1674299383
681	0.1761410003	0.1426666667	0.1674563272
682	0.1761380013	0.1426666667	0.1674470679
683	0.1761323881	0.1426666667	0.1676257716
684	0.1761262714	0.1426666667	0.1676035494
685	0.1761201882	0.1428888889	0.1678868827
686	0.176116324	0.1431111111	0.1679257716
687	0.1761100891	0.1431111111	0.1679993827
688	0.1761036684	0.1433333333	0.1684438272
689	0.1760960606	0.1434444444	0.1685030864
690	0.1760905178	0.1434444444	0.1684475309
691	0.1760865323	0.1435555556	0.168482716
692	0.1760811274	0.1436666667	0.1685192901
693	0.1760768671	0.1437777778	0.1685936728
694	0.1760716272	0.1437777778	0.1685998457
695	0.1760656442	0.1438888889	0.1685949074
696	0.1760599604	0.1438888889	0.1686800926
697	0.1760502671	0.1437777778	0.1685208333
698	0.176044552	0.1438888889	0.1686712963
699	0.1760384584	0.1437777778	0.1687984568
700	0.1760280211	0.1436666667	0.1688435185
701	0.1760238771	0.1437777778	0.1692898148
702	0.1760197563	0.1438888889	0.1692805556
703	0.1760144846	0.1441111111	0.1693856481
704	0.1760080868	0.144	0.1689739198
705	0.176003573	0.1441111111	0.1690768519
706	0.1759976523	0.1442222222	0.1691083333
707	0.17599287	0.1441111111	0.1691046296
708	0.1759859293	0.1441111111	0.1691570988
709	0.1759810934	0.1442222222	0.169442284
710	0.1759768788	0.1443333333	0.1695348765
711	0.1759711273	0.1442222222	0.169666358
712	0.1759656843	0.1442222222	0.1696638889
713	0.1759616593	0.1444444444	0.1697768519
714	0.1759566723	0.1445555556	0.169737963
715	0.1759506278	0.1446666667	0.1698117284
716	0.1759445169	0.1448888889	0.1697834877
717	0.1759392875	0.1451111111	0.1698779321
718	0.1759318355	0.1451111111	0.1699126543
719	0.1759285017	0.1451111111	0.1701311728
720	0.1759235374	0.1451111111	0.170212037
721	0.1759189576	0.1451111111	0.170212037
722	0.1759130991	0.145	0.1703583333
723	0.1759059824	0.1447777778	0.1701371914
724	0.1759022673	0.1448888889	0.1700396605
725	0.175895869	0.1447777778	0.169996142
726	0.1758918407	0.1448888889	0.1699382716
727	0.1758866243	0.1448888889	0.1700966049
728	0.1758805444	0.1448888889	0.1700595679
729	0.1758737516	0.1448888889	0.1700503086
730	0.1758659715	0.1448888889	0.1700203704
731	0.1758608805	0.1448888889	0.1699694444
732	0.1758549668	0.145	0.170175
733	0.1758469121	0.1448888889	0.1702601852
734	0.1758404606	0.145	0.1704027778
735	0.1758344318	0.1451111111	0.1702697531
736	0.1758268013	0.1452222222	0.1702679012
737	0.1758216252	0.1453333333	0.1705165123
738	0.1758155686	0.1453333333	0.1704717593
739	0.1758105986	0.1457777778	0.170737963
740	0.175805874	0.1455555556	0.1706277778
741	0.1758006554	0.1454444444	0.1705689815
742	0.1757936448	0.1451111111	0.170133179
743	0.1757892699	0.1451111111	0.170124537
744	0.1757829689	0.1451111111	0.170387037
745	0.1757779457	0.1452222222	0.1704671296
746	0.1757741109	0.1452222222	0.1703652778
747	0.1757692662	0.1454444444	0.1707925926
748	0.1757639773	0.1455555556	0.1710555556
749	0.175759402	0.1455555556	0.1710555556
750	0.1757520384	0.1457777778	0.171287037
751	0.1757454665	0.1457777778	0.1712617284
752	0.1757403559	0.1458888889	0.1712580247
753	0.1757348881	0.1457777778	0.1711432099
754	0.175729242	0.1456666667	0.1713555556
755	0.1757246649	0.1456666667	0.1713283951
756	0.1757185372	0.1456666667	0.1713746914
757	0.175710985	0.1456666667	0.1713691358
758	0.17570368	0.1456666667	0.1714888889
759	0.1756974687	0.146	0.1715339506
760	0.1756924536	0.146	0.171554784
761	0.1756896573	0.1458888889	0.1715325617
762	0.1756855592	0.1458888889	0.1715325617
763	0.1756797102	0.1457777778	0.1715498457
764	0.1756749839	0.1457777778	0.1713430556
765	0.1756693906	0.1457777778	0.1712597222
766	0.1756624795	0.1456666667	0.1712578704
767	0.1756586567	0.1456666667	0.1711708333
768	0.1756563916	0.1456666667	0.1712912037
769	0.1756510517	0.146	0.1714276235
770	0.1756449248	0.1461111111	0.1715442901
771	0.1756407024	0.1461111111	0.1716859568
772	0.1756335452	0.1463333333	0.1720498457
773	0.1756287073	0.1463333333	0.1723387346
774	0.1756220022	0.1462222222	0.1722967593
775	0.1756177514	0.1462222222	0.1722180556
776	0.1756127394	0.1462222222	0.1720819444
777	0.175607429	0.1461111111	0.1720628086
778	0.1756036122	0.1462222222	0.1720850309
779	0.1755990755	0.1458888889	0.1719165123
780	0.1755937846	0.1461111111	0.1723628086
781	0.1755889706	0.1462222222	0.1724313272
782	0.1755859789	0.1461111111	0.172320216
783	0.1755815458	0.1462222222	0.1723282407
784	0.1755767756	0.1461111111	0.1720152778
785	0.1755718169	0.1461111111	0.1720847222
786	0.1755662044	0.1462222222	0.1721402778
787	0.1755599686	0.1463333333	0.1723563272
788	0.1755550558	0.1464444444	0.1721402778
789	0.1755508585	0.1464444444	0.1725723765
790	0.1755454888	0.1466666667	0.172479784
791	0.1755402537	0.1465555556	0.1724427469
792	0.1755343613	0.1462222222	0.1723473765
793	0.1755281179	0.1463333333	0.1724844136
794	0.1755242506	0.1464444444	0.1724597222
795	0.1755188525	0.1464444444	0.1723902778
796	0.1755157002	0.1466666667	0.1724662037
797	0.1755114816	0.1466666667	0.1724967593
798	0.1755065041	0.1466666667	0.1725819444
799	0.1755034604	0.1466666667	0.1726597222
800	0.1754982604	0.1467777778	0.1726712963
801	0.1754923874	0.1467777778	0.1729490741
802	0.1754888538	0.1467777778	0.1729074074
803	0.175483198	0.1467777778	0.1724981481
804	0.1754786301	0.1468888889	0.1727393519
805	0.1754741681	0.147	0.1727601852
806	0.1754705259	0.147	0.172737037
807	0.1754645306	0.147	0.1727949074
808	0.1754564331	0.147	0.1728412037
809	0.1754528135	0.1471111111	0.1729356481
810	0.1754465909	0.147	0.1729569444
811	0.1754402717	0.1468888889	0.1727912037
812	0.1754346658	0.1468888889	0.1731384259
813	0.1754298473	0.147	0.1731421296
814	0.1754249097	0.147	0.1731856481
815	0.1754183859	0.1472222222	0.1733899691
816	0.1754134771	0.1473333333	0.1735222222
817	0.1754079866	0.1474444444	0.173374537
818	0.1754034694	0.1474444444	0.1733856481
819	0.1753999952	0.1474444444	0.1734054012
820	0.175395431	0.1474444444	0.1734072531
821	0.1753908369	0.1474444444	0.1734449074
822	0.1753865045	0.1472222222	0.1732881173
823	0.1753818915	0.1473333333	0.1734146605
824	0.1753754901	0.1473333333	0.1734239198
825	0.1753717977	0.1474444444	0.1735427469
826	0.1753652964	0.1474444444	0.1735396605
827	0.1753599378	0.1475555556	0.1737169753
828	0.1753564312	0.1474444444	0.1738990741
829	0.1753511612	0.1475555556	0.1739682099
830	0.1753492532	0.1475555556	0.1739626543
831	0.1753446516	0.1475555556	0.1739626543
832	0.1753394558	0.1476666667	0.1740515432
833	0.1753350368	0.1477777778	0.1740410494
834	0.17532871	0.1481111111	0.1746191358
835	0.1753228665	0.1478888889	0.1743135802
836	0.1753167785	0.1478888889	0.174325
837	0.1753123117	0.1478888889	0.174337037
838	0.1753077841	0.1478888889	0.1741018519
839	0.1753019684	0.1477777778	0.1743660494
840	0.1752968264	0.1481111111	0.1742904321
841	0.1752940002	0.1481111111	0.1744246914
842	0.1752901388	0.1482222222	0.17475
843	0.1752855113	0.1482222222	0.1746811728
844	0.1752796416	0.1482222222	0.1747533951
845	0.1752728214	0.1483333333	0.1750256173
846	0.1752702285	0.1484444444	0.174979321
847	0.1752686279	0.1484444444	0.1749737654
848	0.1752623902	0.1483333333	0.174508642
849	0.1752581984	0.1482222222	0.1744734568
850	0.1752519481	0.1483333333	0.1747160494
851	0.1752470409	0.1483333333	0.1745895062
852	0.1752407808	0.1485555556	0.1750583333
853	0.1752370486	0.1487777778	0.1754975309
854	0.1752318934	0.1486666667	0.1754419753
855	0.1752276101	0.1488888889	0.1754716049
856	0.1752223678	0.149	0.1757049383
857	0.1752176542	0.1492222222	0.1759549383
858	0.1752131622	0.1492222222	0.1760186728
859	0.1752072091	0.1492222222	0.1760103395
860	0.1752023384	0.1491111111	0.1761266975
861	0.1751973154	0.1492222222	0.1762807099
862	0.1751924731	0.1491111111	0.1761865741
863	0.1751890836	0.1491111111	0.1761865741
864	0.1751842115	0.1492222222	0.1762945988
865	0.1751802826	0.1492222222	0.1763825617
866	0.1751761542	0.1492222222	0.1763856481
867	0.1751717673	0.1493333333	0.1765137346
868	0.1751678879	0.1493333333	0.1760804012
869	0.1751629608	0.149	0.1759341049
870	0.1751568153	0.149	0.1763075617
871	0.1751528746	0.149	0.1763075617
872	0.1751462945	0.1491111111	0.1765529321
873	0.1751408342	0.1491111111	0.1765837963
874	0.1751366821	0.1491111111	0.1764773148
875	0.1751311543	0.1491111111	0.1764810185
876	0.1751278	0.1491111111	0.1764810185
877	0.1751216143	0.1491111111	0.1765087963
878	0.1751177056	0.1491111111	0.1764902778
879	0.1751127147	0.149	0.1764865741
880	0.1751049941	0.149	0.1765032407
881	0.1751004247	0.149	0.1765186728
882	0.1750942112	0.149	0.1764283951
883	0.1750905114	0.1491111111	0.1765240741
884	0.1750848331	0.1492222222	0.1766101852
885	0.1750799455	0.1493333333	0.176629321
886	0.1750739802	0.1493333333	0.1766169753
887	0.1750684681	0.1492222222	0.1764382716
888	0.1750640931	0.1492222222	0.1766898148
889	0.1750602942	0.1493333333	0.1767787037
890	0.1750541252	0.1493333333	0.1768185185
891	0.1750491478	0.1493333333	0.1768740741
892	0.1750435245	0.1493333333	0.1768740741
893	0.1750377362	0.1493333333	0.1770012346
894	0.1750304989	0.1494444444	0.1771092593
895	0.1750262743	0.1494444444	0.177258642
896	0.1750202913	0.1494444444	0.177291358
897	0.1750134072	0.1494444444	0.1772820988
898	0.175008734	0.1495555556	0.1772496914
899	0.1750030746	0.1495555556	0.1772774691
900	0.1749966112	0.1498888889	0.1775141975
901	0.1749924937	0.15	0.1776200617
902	0.1749888205	0.15	0.1776123457
903	0.1749843602	0.1497777778	0.1773391975
904	0.1749789039	0.15	0.177641358
905	0.1749744164	0.1498888889	0.1776891975
906	0.1749707577	0.1498888889	0.1777740741
907	0.1749659285	0.1501111111	0.1779679012
908	0.1749608901	0.1501111111	0.1779598765
909	0.1749568236	0.1502222222	0.1778469136
910	0.1749519366	0.1506666667	0.1781728395
911	0.1749477489	0.1506666667	0.1783089506
912	0.1749420921	0.1507777778	0.1785725309
913	0.1749379906	0.1506666667	0.178407716
914	0.1749334291	0.1507777778	0.1785762346
915	0.174929012	0.1507777778	0.1785021605
916	0.1749264499	0.1507777778	0.1785546296
917	0.1749201382	0.1506666667	0.1784546296
918	0.1749155542	0.1507777778	0.1784907407
919	0.1749109085	0.1507777778	0.178474537
920	0.1749082319	0.1507777778	0.1784282407
921	0.1749039982	0.1507777778	0.1785949074
922	0.1748983251	0.1507777778	0.1785263889
923	0.1748918445	0.1507777778	0.1785060185
924	0.1748877261	0.1505555556	0.1783967593
925	0.1748840025	0.1505555556	0.1784060185
926	0.1748800412	0.1505555556	0.1783388889
927	0.1748765105	0.1505555556	0.1783990741
928	0.1748724771	0.1506666667	0.1785101852
929	0.1748688561	0.1505555556	0.1784138889
930	0.1748636996	0.1506666667	0.1785157407
931	0.1748622696	0.1506666667	0.1784953704
932	0.1748567651	0.1505555556	0.1783560185
933	0.1748509739	0.1504444444	0.1782399691
934	0.174848605	0.1504444444	0.1781936728
935	0.1748453132	0.1503333333	0.1782646605
936	0.1748413254	0.1504444444	0.178408179
937	0.1748363025	0.1503333333	0.178308179
938	0.1748314683	0.1505555556	0.1785682099
939	0.1748291781	0.1505555556	0.1786608025
940	0.1748251214	0.1506666667	0.1786700617
941	0.1748208841	0.1507777778	0.1787743827
942	0.1748178481	0.1508888889	0.1787984568
943	0.1748145615	0.1508888889	0.1787873457
944	0.1748107123	0.151	0.1788737654
945	0.1748056718	0.1508888889	0.1787885802
946	0.1748016719	0.1506666667	0.1786570988
947	0.1747956807	0.1505555556	0.1787052469
948	0.1747911929	0.1507777778	0.1790143519
949	0.1747862278	0.1511111111	0.1794125
950	0.1747820146	0.1508888889	0.1792384259
951	0.1747761919	0.1508888889	0.1792412037
952	0.1747722953	0.151	0.1792921296
953	0.1747676924	0.1507777778	0.1792476852
954	0.1747630761	0.1508888889	0.1794094136
955	0.1747576998	0.151	0.1794233025
956	0.1747517235	0.1508888889	0.1795057099
957	0.1747476929	0.1508888889	0.1795260802
958	0.1747438221	0.1508888889	0.1795075617
959	0.1747407145	0.1507777778	0.1794010802
960	0.1747365834	0.1507777778	0.1794751543
961	0.1747321954	0.1507777778	0.179424537
962	0.1747260225	0.1507777778	0.1795217593
963	0.1747208958	0.151	0.179649537
964	0.1747156334	0.1511111111	0.1797489198
965	0.1747112104	0.1511111111	0.1797733025
966	0.1747057064	0.1513333333	0.1801186728
967	0.1747020641	0.1513333333	0.1800408951
968	0.1746969958	0.1514444444	0.180129784
969	0.1746911806	0.1513333333	0.1801112654
970	0.1746835511	0.1513333333	0.1799473765
971	0.1746776841	0.1512222222	0.1799084877
972	0.1746740199	0.1513333333	0.1800010802
973	0.1746709573	0.1513333333	0.1800010802
974	0.1746645841	0.1513333333	0.1801307099
975	0.1746619024	0.1513333333	0.1801307099
976	0.1746558804	0.1514444444	0.1802908951
977	0.1746503548	0.1514444444	0.1802631173
978	0.1746459359	0.1514444444	0.1802862654
979	0.1746412276	0.1514444444	0.1802896605
980	0.1746351695	0.1514444444	0.1803655864
981	0.1746296223	0.1514444444	0.1804493827
982	0.1746265291	0.1515555556	0.1805882716
983	0.1746218126	0.1516666667	0.1806776235
984	0.1746150897	0.1515555556	0.1806128086
985	0.1746077979	0.1514444444	0.1804776235
986	0.1746028516	0.1513333333	0.1805007716
987	0.1745976471	0.1516666667	0.1807455247
988	0.1745950505	0.1516666667	0.1807455247
989	0.1745894334	0.1518888889	0.1807510802
990	0.1745849622	0.1517777778	0.1807887346
991	0.1745819925	0.1517777778	0.1807794753
992	0.1745770438	0.152	0.180946142
993	0.1745724345	0.1518888889	0.1808359568
994	0.1745683245	0.1518888889	0.1809405864
995	0.1745652073	0.1518888889	0.1810924383
996	0.1745597108	0.152	0.1813091049
997	0.1745540633	0.152	0.1812878086
998	0.1745512039	0.1521111111	0.181283179
999	0.1745474195	0.1522222222	0.1813442901
1000	0.1745460975	0.1522222222	0.181395216
1001	0.1745414699	0.1521111111	0.1812810185
1002	0.1745373275	0.1521111111	0.1811652778
1003	0.1745335541	0.1518888889	0.1811344136
1004	0.1745282117	0.1521111111	0.1810871914
1005	0.1745271739	0.1521111111	0.1810871914
1006	0.174522482	0.1524444444	0.1814945988
1007	0.1745180686	0.1525555556	0.1815964506
1008	0.174514978	0.1524444444	0.1815878086
1009	0.174507432	0.1524444444	0.1815637346
1010	0.1745029829	0.1523333333	0.1815915123
1011	0.1744980485	0.1523333333	0.1815470679
1012	0.1744925039	0.1526666667	0.1817822531
1013	0.1744879058	0.1526666667	0.1816674383
1014	0.1744832817	0.1526666667	0.1818344136
1015	0.1744776901	0.1526666667	0.1819121914
1016	0.1744742308	0.1528888889	0.1819121914
1017	0.1744686927	0.1531111111	0.1820513889
1018	0.1744636156	0.1532222222	0.1823010802
1019	0.1744581018	0.1533333333	0.1825510802
1020	0.174455386	0.1533333333	0.1824658951
1021	0.1744505157	0.1533333333	0.1824408951
1022	0.1744449414	0.1534444444	0.1824226852
1023	0.1744409719	0.1534444444	0.1824239198
1024	0.1744366185	0.1534444444	0.1826217593
1025	0.1744320016	0.1534444444	0.1825970679
1026	0.1744282968	0.1536666667	0.1827118827
1027	0.1744228202	0.1537777778	0.1828310185
1028	0.1744172222	0.1537777778	0.182908179
1029	0.174412572	0.1536666667	0.1830239198
1030	0.174408686	0.1535555556	0.183058179
1031	0.174406382	0.1534444444	0.182945216
1032	0.1744035892	0.1534444444	0.1830841049
1033	0.1743977689	0.1536666667	0.1831439815
1034	0.1743941637	0.1536666667	0.1830652778
1035	0.1743912469	0.1536666667	0.1830282407
1036	0.1743861324	0.1536666667	0.1830976852
1037	0.1743807624	0.1537777778	0.1831476852
1038	0.174377508	0.1537777778	0.1835334877
1039	0.1743712585	0.1538888889	0.1833603395
1040	0.1743676295	0.1541111111	0.1835109568
1041	0.174362711	0.154	0.1833890432
1042	0.174354654	0.1542222222	0.1834983025
1043	0.1743510657	0.1542222222	0.1833223765
1044	0.1743463097	0.1543333333	0.1837149691
1045	0.1743409466	0.1543333333	0.1836970679
1046	0.1743346334	0.1543333333	0.183958179
1047	0.1743302936	0.1543333333	0.1840785494
1048	0.1743251583	0.1543333333	0.1840766975
1049	0.1743205307	0.1543333333	0.1840304012
1050	0.1743138061	0.1544444444	0.1840063272
1051	0.1743084602	0.1543333333	0.1839442901
1052	0.1743053441	0.1543333333	0.183921142
1053	0.1743020913	0.1544444444	0.1839026235
1054	0.1742985743	0.1543333333	0.1838217593
1055	0.174295248	0.1544444444	0.1838884259
1056	0.1742911758	0.1545555556	0.1839972222
1057	0.1742872535	0.1545555556	0.1839740741
1058	0.1742824776	0.1543333333	0.1839771605
1059	0.1742776221	0.1544444444	0.1843317901
1060	0.1742745953	0.1543333333	0.1842873457
1061	0.1742703299	0.1543333333	0.1845651235
1062	0.1742653572	0.1542222222	0.1843290123
1063	0.1742604838	0.1543333333	0.1843475309
1064	0.1742572302	0.1542222222	0.1843496914
1065	0.1742527764	0.1542222222	0.1843072531
1066	0.1742502292	0.1542222222	0.184404784
1067	0.1742450173	0.1543333333	0.1843875
1068	0.1742409858	0.1541111111	0.1843875
1069	0.1742388806	0.1542222222	0.1843726852
1070	0.1742361033	0.1542222222	0.1844097222
1071	0.1742310077	0.1543333333	0.1847121914
1072	0.1742276926	0.1543333333	0.1846689815
1073	0.1742240159	0.1544444444	0.1846986111
1074	0.1742193475	0.1545555556	0.184800463
1075	0.1742161597	0.1545555556	0.1848313272
1076	0.1742139101	0.1547777778	0.1849563272
1077	0.1742092406	0.1547777778	0.1850128086
1078	0.1742049131	0.1547777778	0.184721142
1079	0.1741991796	0.1548888889	0.1849498457
1080	0.1741954338	0.1548888889	0.1849516975
1081	0.1741910129	0.1546666667	0.1847600309
1082	0.1741852671	0.1548888889	0.1850128086
1083	0.1741822393	0.1551111111	0.1850433642
1084	0.1741790048	0.1548888889	0.1849155864
1085	0.1741742261	0.1548888889	0.1847828704
1086	0.1741689282	0.155	0.1848657407
1087	0.1741678546	0.1548888889	0.1848472222
1088	0.1741637919	0.155	0.1849722222
1089	0.1741595809	0.1547777778	0.1847978395
1090	0.1741554689	0.1548888889	0.1847885802
1091	0.1741515942	0.155	0.184941358
1092	0.1741464837	0.1548888889	0.1848567901
1093	0.1741412377	0.1551111111	0.1849753086
1094	0.174137336	0.1552222222	0.1852160494
1095	0.1741310703	0.1551111111	0.1850882716
1096	0.1741277168	0.1551111111	0.1851555556
1097	0.174123333	0.1551111111	0.1851768519
1098	0.1741179711	0.1547777778	0.1851509259
1099	0.1741128746	0.155	0.1854
1100	0.1741086598	0.155	0.1854319444
1101	0.1741026266	0.1548888889	0.1853313272
1102	0.1740982847	0.1548888889	0.1853979938
1103	0.1740957335	0.155	0.185420216
1104	0.1740930186	0.155	0.185420216
1105	0.1740881343	0.1551111111	0.185545216
1106	0.1740828551	0.1553333333	0.1855526235
1107	0.1740767758	0.1553333333	0.1852350309
1108	0.1740692913	0.1552222222	0.1853341049
1109	0.1740649031	0.1551111111	0.1854155864
1110	0.1740596018	0.1552222222	0.1854776235
1111	0.1740560076	0.1552222222	0.1855516975
1112	0.1740518823	0.1548888889	0.1852535494
1113	0.1740462077	0.1548888889	0.1852304012
1114	0.1740421463	0.1548888889	0.1852183642
1115	0.1740347959	0.1548888889	0.1854378086
1116	0.1740310593	0.1548888889	0.1853776235
1117	0.1740245386	0.1548888889	0.185433179
1118	0.1740192842	0.155	0.1854405864
1119	0.1740139546	0.155	0.1856486111
1120	0.1740095641	0.1551111111	0.1859356481
1121	0.1740047552	0.1551111111	0.185920216
1122	0.1740007464	0.1551111111	0.1858794753
1123	0.1739959406	0.1551111111	0.1860368827
1124	0.1739917828	0.1552222222	0.1860523148
1125	0.1739866485	0.155	0.1861782407
1126	0.1739817017	0.155	0.1863097222
1127	0.1739772383	0.1551111111	0.1863060185
1128	0.173973842	0.1551111111	0.1866347222
1129	0.1739696811	0.155	0.1865606481
1130	0.1739648149	0.155	0.186524537
1131	0.1739613432	0.1551111111	0.186649537
1132	0.1739565106	0.155	0.1866564815
1133	0.1739538175	0.1551111111	0.1870638889
1134	0.173949632	0.1551111111	0.1869574074
1135	0.1739463618	0.1551111111	0.186837037
1136	0.1739420941	0.1551111111	0.1869412037
1137	0.1739355491	0.1552222222	0.1871773148
1138	0.1739316979	0.1552222222	0.1872513889
1139	0.1739281864	0.1552222222	0.1872884259
1140	0.1739239602	0.1551111111	0.1872155864
1141	0.1739196032	0.1551111111	0.1871217593
1142	0.1739150948	0.155	0.1870837963
1143	0.1739096641	0.1551111111	0.1871703704
1144	0.1739047953	0.1552222222	0.1872055556
1145	0.1738999335	0.1552222222	0.1872587963
1146	0.1738971404	0.1551111111	0.1871939815
1147	0.1738928902	0.1551111111	0.1874044753
1148	0.1738890994	0.1552222222	0.1874600309
1149	0.1738857541	0.1553333333	0.1875649691
1150	0.1738812117	0.1554444444	0.187745216
1151	0.173876635	0.1554444444	0.1877128086
1152	0.1738724187	0.1555555556	0.1878385802
1153	0.1738682282	0.1557777778	0.1879200617
1154	0.1738635179	0.1558888889	0.1879950617
1155	0.1738597293	0.1557777778	0.1878314815
1156	0.173855249	0.1557777778	0.187754321
1157	0.1738475228	0.1557777778	0.187717284
1158	0.1738432588	0.1558888889	0.1877885802
1159	0.173839954	0.156	0.1879015432
1160	0.1738356625	0.156	0.1879108025
1161	0.1738329568	0.156	0.1878984568
1162	0.1738288578	0.1557777778	0.1876354938
1163	0.1738228764	0.1555555556	0.187470679
1164	0.1738189873	0.1555555556	0.1878040123
1165	0.1738138771	0.1557777778	0.187957716
1166	0.173809456	0.1558888889	0.1881095679
1167	0.1738045674	0.1557777778	0.1880524691
1168	0.1738005869	0.1557777778	0.1879058642
1169	0.1737954604	0.1555555556	0.1878493827
1170	0.1737919997	0.1557777778	0.1880209877
1171	0.1737887645	0.1557777778	0.1882061728
1172	0.1737845519	0.1556666667	0.1880932099
1173	0.1737800361	0.1557777778	0.188317284
1174	0.1737748007	0.1558888889	0.1885691358
1175	0.1737710211	0.1558888889	0.1885617284
1176	0.1737644545	0.156	0.1886080247
1177	0.1737595675	0.1562222222	0.188612963
1178	0.1737541723	0.1561111111	0.188525
1179	0.1737496239	0.1562222222	0.1886064815
1180	0.1737457359	0.1562222222	0.1887287037
1181	0.173740411	0.1562222222	0.1891274691
1182	0.1737355163	0.1562222222	0.1890617284
1183	0.1737307671	0.1563333333	0.1889191358
1184	0.1737267736	0.1563333333	0.1888450617
1185	0.1737221755	0.1565555556	0.1890061728
1186	0.1737181824	0.1565555556	0.1893006173
1187	0.1737143701	0.1567777778	0.1894061728
1188	0.1737071205	0.1568888889	0.1895950617
1189	0.1737031796	0.1568888889	0.189604321
1190	0.1736974894	0.1568888889	0.1897205247
1191	0.1736944331	0.1568888889	0.1897205247
1192	0.173690248	0.157	0.1898205247
1193	0.1736859064	0.1567777778	0.1896634259
1194	0.1736827364	0.1567777778	0.1902050926
1195	0.1736783491	0.1567777778	0.1902217593
1196	0.1736745837	0.157	0.1903800926
1197	0.1736699377	0.1572222222	0.1905189815
1198	0.173665678	0.1573333333	0.1904282407
1199	0.17366111	0.1573333333	0.1904328704
1200	0.1736588631	0.1574444444	0.1905223765
1201	0.1736527125	0.1576666667	0.1909313272
1202	0.1736501995	0.1574444444	0.1908128086
1203	0.173646833	0.1574444444	0.1907322531
1204	0.1736420587	0.1574444444	0.1907915123
1205	0.1736374117	0.1575555556	0.1909091049
1206	0.1736332449	0.1575555556	0.1909692901
1207	0.1736279877	0.1574444444	0.1908433642
1208	0.1736238035	0.1572222222	0.1906890432
1209	0.1736206841	0.1571111111	0.190503858
1210	0.1736160165	0.1572222222	0.1905344136
1211	0.1736120141	0.1572222222	0.190654784
1212	0.1736103798	0.1572222222	0.1906177469
1213	0.1736060958	0.1573333333	0.1907807099
1214	0.1736002467	0.1573333333	0.1907214506
1215	0.1735977218	0.1575555556	0.1907399691
1216	0.1735942361	0.1573333333	0.1904621914
1217	0.1735906547	0.1575555556	0.1906621914
1218	0.1735839167	0.1574444444	0.1905844136
1219	0.1735796968	0.1573333333	0.190528858
1220	0.1735758984	0.1573333333	0.1905473765
1221	0.1735717916	0.1573333333	0.190579784
1222	0.17356841	0.1573333333	0.1906760802
1223	0.1735655606	0.1574444444	0.1907436728
1224	0.1735606039	0.1575555556	0.1907992284
1225	0.1735574382	0.1575555556	0.1907640432
1226	0.1735519107	0.1575555556	0.1908658951
1227	0.1735446556	0.1577777778	0.1909529321
1228	0.1735403463	0.1577777778	0.1909066358
1229	0.1735363984	0.1575555556	0.1907572531
1230	0.1735331565	0.1574444444	0.1907637346
1231	0.1735293123	0.1575555556	0.1909316358
1232	0.1735268451	0.1575555556	0.1909316358
1233	0.1735208732	0.1576666667	0.1910149691
1234	0.1735175838	0.1575555556	0.1909307099
1235	0.173513973	0.1576666667	0.1911483025
1236	0.1735102441	0.1577777778	0.1912445988
1237	0.173507537	0.1577777778	0.1912010802
1238	0.1735042955	0.1577777778	0.1912535494
1239	0.1734985873	0.1576666667	0.1909510802
1240	0.1734939367	0.1575555556	0.190841821
1241	0.173490526	0.1577777778	0.1910408951
1242	0.1734862313	0.1576666667	0.1910473765
1243	0.1734825297	0.1577777778	0.1910057099
1244	0.1734779194	0.1578888889	0.1911478395
1245	0.1734746592	0.1578888889	0.191104321
1246	0.1734714164	0.158	0.1911256173
1247	0.1734661854	0.158	0.191517284
1248	0.1734616301	0.1583333333	0.1917061728
1249	0.1734572736	0.1582222222	0.1916404321
1250	0.1734536946	0.1581111111	0.1915848765
1251	0.1734499188	0.158	0.1914645062
1252	0.1734469902	0.158	0.1915015432
1253	0.1734431349	0.158	0.1915311728
1254	0.1734376878	0.158	0.1915966049
1255	0.1734329974	0.1583333333	0.1917984568
1256	0.1734280995	0.1583333333	0.1915632716
1257	0.173424037	0.1581111111	0.1913660494
1258	0.1734198167	0.1581111111	0.1912253086
1259	0.1734140033	0.1581111111	0.1912561728
1260	0.1734088605	0.1581111111	0.1914614198
1261	0.1734052476	0.1582222222	0.1914799383
1262	0.1734000354	0.1583333333	0.1918598765
1263	0.1733972601	0.1583333333	0.1919246914
1264	0.1733918075	0.1583333333	0.1919401235
1265	0.1733852646	0.1583333333	0.1916280864
1266	0.1733830095	0.1583333333	0.191632716
1267	0.1733797064	0.1583333333	0.1917391975
1268	0.1733759357	0.1584444444	0.1917854938
1269	0.1733730815	0.1584444444	0.1918259259
1270	0.1733699954	0.1582222222	0.1916518519
1271	0.1733670883	0.1583333333	0.1917407407
1272	0.1733631278	0.1584444444	0.191662963
1273	0.1733603783	0.1583333333	0.1915342593
1274	0.1733567222	0.1582222222	0.1915462963
1275	0.1733548203	0.1581111111	0.1914574074
1276	0.1733506078	0.1582222222	0.1916111111
1277	0.1733458275	0.1583333333	0.1917685185
1278	0.1733429924	0.1584444444	0.1919435185
1279	0.1733400882	0.1585555556	0.1920009259
1280	0.1733355275	0.1585555556	0.1916814815
1281	0.1733321666	0.1585555556	0.1916953704
1282	0.1733272165	0.1585555556	0.1916824074
1283	0.1733211135	0.1583333333	0.1915740741
1284	0.173317794	0.1583333333	0.1917314815
1285	0.173313923	0.1583333333	0.1916648148
1286	0.1733094273	0.1584444444	0.1917037037
1287	0.1733042015	0.1583333333	0.1917037037
1288	0.1733014928	0.1583333333	0.1917175926
1289	0.1732979557	0.1583333333	0.1917268519
1290	0.1732932127	0.1584444444	0.1917805556
1291	0.1732896629	0.1584444444	0.1917342593
1292	0.1732849542	0.1584444444	0.1917342593
1293	0.1732822185	0.1584444444	0.1917805556
1294	0.1732777616	0.1584444444	0.1917342593
1295	0.1732736836	0.1584444444	0.1917805556
1296	0.1732693929	0.1584444444	0.191887037
1297	0.1732660514	0.1585555556	0.1920074074
1298	0.1732609826	0.1586666667	0.1920824074
1299	0.1732554115	0.1585555556	0.1920830247
1300	0.173251781	0.1584444444	0.192016358
1301	0.1732477193	0.1586666667	0.1921398148
1302	0.1732437052	0.1587777778	0.1922601852
1303	0.1732399501	0.1587777778	0.1923305556
1304	0.1732357227	0.1588888889	0.1923361111
1305	0.1732312128	0.1586666667	0.1922228395
1306	0.173227695	0.1587777778	0.1923209877
1307	0.1732252022	0.1587777778	0.192816358
1308	0.1732219263	0.1586666667	0.192616358
1309	0.1732176284	0.1586666667	0.1927089506
1310	0.1732173714	0.1586666667	0.1927089506
1311	0.1732120373	0.1587777778	0.1925200617
1312	0.1732082952	0.1586666667	0.1927645062
1313	0.1732051573	0.1585555556	0.1926996914
1314	0.1732009567	0.1587777778	0.1928589506
1315	0.1731968012	0.1588888889	0.1928484568
1316	0.1731935652	0.1591111111	0.1928873457
1317	0.1731895554	0.159	0.1929058642
1318	0.1731861925	0.159	0.1929243827
1319	0.1731820862	0.159	0.1930632716
1320	0.1731786428	0.1591111111	0.1931373457
1321	0.1731742112	0.1591111111	0.1930345679
1322	0.1731693911	0.1591111111	0.1931104938
1323	0.1731665681	0.1591111111	0.1930641975
1324	0.1731624689	0.1592222222	0.1931938272
1325	0.1731574414	0.1591111111	0.1930271605
1326	0.1731530661	0.1591111111	0.1931660494
1327	0.1731488911	0.1594444444	0.1937141975
1328	0.1731441968	0.1594444444	0.1937354938
1329	0.173139929	0.1594444444	0.1937725309
1330	0.1731371909	0.1595555556	0.1936429012
1331	0.1731340457	0.1595555556	0.1936614198
1332	0.17313144	0.1595555556	0.1936182099
1333	0.1731288913	0.1595555556	0.193629321
1334	0.1731240184	0.1595555556	0.1936089506
1335	0.1731204206	0.1595555556	0.1936089506
1336	0.1731161228	0.1596666667	0.1936861111
1337	0.1731135095	0.1596666667	0.1937231481
1338	0.1731084125	0.1596666667	0.1935881173
1339	0.1731029333	0.1595555556	0.1934936728
1340	0.1730994272	0.1595555556	0.1934936728
1341	0.173094957	0.1595555556	0.1935195988
1342	0.1730920767	0.1596666667	0.1937492284
1343	0.1730886641	0.1596666667	0.1937399691
1344	0.1730860607	0.1595555556	0.1936640432
1345	0.1730834399	0.1594444444	0.1936381173
1346	0.1730804284	0.1595555556	0.1937492284
1347	0.173075942	0.1595555556	0.1937325617
1348	0.1730734738	0.1595555556	0.193704784
1349	0.1730685897	0.1595555556	0.1936992284
1350	0.1730656834	0.1595555556	0.1937186728
1351	0.1730626812	0.1596666667	0.1938631173
1352	0.1730587309	0.1597777778	0.1938445988
1353	0.1730569352	0.1598888889	0.1938692901
1354	0.1730529165	0.1596666667	0.1937016975
1355	0.1730487725	0.1596666667	0.193821142
1356	0.1730445966	0.1597777778	0.1938878086
1357	0.1730412	0.1598888889	0.1940044753
1358	0.1730368756	0.1598888889	0.1942266975
1359	0.1730341494	0.1601111111	0.1943381173
1360	0.1730300873	0.1601111111	0.1944013889
1361	0.173025692	0.1601111111	0.1943520062
1362	0.173021028	0.1601111111	0.1943890432
1363	0.1730180422	0.1601111111	0.1944260802
1364	0.173015286	0.1601111111	0.1944353395
1365	0.1730109346	0.1601111111	0.1944353395
1366	0.1730061028	0.1601111111	0.1945186728
1367	0.1730008284	0.1601111111	0.1945186728
1368	0.172997205	0.16	0.1944520062
1369	0.1729936638	0.16	0.1944520062
1370	0.1729905548	0.1598888889	0.1943825617
1371	0.1729875363	0.16	0.1944473765
1372	0.1729836604	0.16	0.1945399691
1373	0.1729816897	0.1601111111	0.194379784
1374	0.1729775821	0.1602222222	0.1945501543
1375	0.1729757754	0.1601111111	0.1945057099
1376	0.1729702168	0.1601111111	0.1947353395
1377	0.1729672005	0.16	0.1947334877
1378	0.1729655321	0.16	0.1947334877
1379	0.172961264	0.16	0.1947427469
1380	0.1729561526	0.16	0.1949233025
1381	0.1729512464	0.16	0.1949677469
1382	0.1729472152	0.1601111111	0.1951483025
1383	0.1729417852	0.1601111111	0.195166821
1384	0.1729373172	0.1601111111	0.195203858
1385	0.1729338256	0.1601111111	0.1953427469
1386	0.172929475	0.1603333333	0.1954584877
1387	0.1729246374	0.1602222222	0.1953964506
1388	0.172920828	0.1604444444	0.1953736111
1389	0.1729158654	0.1603333333	0.1953439815
1390	0.1729120566	0.1602222222	0.195325463
1391	0.1729115503	0.1603333333	0.1953921296
1392	0.1729078887	0.1602222222	0.1954816358
1393	0.172903491	0.1602222222	0.1951853395
1394	0.1729003026	0.1602222222	0.1951544753
1395	0.1728970526	0.1602222222	0.1951266975
1396	0.1728926797	0.1604444444	0.195345216
1397	0.172888173	0.1604444444	0.1956816358
1398	0.1728840015	0.1605555556	0.1958621914
1399	0.1728796293	0.1605555556	0.1960455247
1400	0.1728751831	0.1605555556	0.1960146605
1401	0.1728709454	0.1605555556	0.196070216
1402	0.1728681554	0.1604444444	0.1959313272
1403	0.1728632878	0.1604444444	0.1959868827
1404	0.1728608436	0.1605555556	0.1960535494
1405	0.1728576217	0.1605555556	0.1960766975
1406	0.172854281	0.1606666667	0.1962035494
1407	0.1728504149	0.1605555556	0.1961146605
1408	0.172846863	0.1604444444	0.1961128086
1409	0.1728416539	0.1604444444	0.1957424383
1410	0.17283678	0.1603333333	0.1956387346
1411	0.1728351486	0.1603333333	0.195583179
1412	0.1728325754	0.1603333333	0.195583179
1413	0.1728275553	0.1604444444	0.1955429012
1414	0.1728252049	0.1604444444	0.1955753086
1415	0.1728209179	0.1604444444	0.1954441358
1416	0.1728177694	0.1604444444	0.1954070988
1417	0.1728142809	0.1605555556	0.1953978395
1418	0.1728108342	0.1605555556	0.1953978395
1419	0.1728070129	0.1605555556	0.195504321
1420	0.1728048509	0.1604444444	0.1952820988
1421	0.1728013375	0.1606666667	0.195504321
1422	0.172797283	0.1606666667	0.1955274691
1423	0.1727925467	0.1606666667	0.1956959877
1424	0.1727904746	0.1607777778	0.1958743827
1425	0.1727875611	0.1607777778	0.195920679
1426	0.1727837504	0.1607777778	0.1959021605
1427	0.1727761003	0.1605555556	0.1958243827
1428	0.1727717088	0.1605555556	0.1958429012
1429	0.1727679542	0.1605555556	0.1958126543
1430	0.1727631112	0.1606666667	0.1959117284
1431	0.1727616844	0.1606666667	0.1957820988
1432	0.1727578509	0.1606666667	0.195732716
1433	0.1727545059	0.1606666667	0.195732716
1434	0.1727516954	0.1606666667	0.1960271605
1435	0.1727476963	0.1606666667	0.1960382716
1436	0.1727423051	0.1606666667	0.1960382716
1437	0.1727394451	0.1606666667	0.1960197531
1438	0.1727370202	0.1606666667	0.1960197531
1439	0.172732908	0.1608888889	0.1961447531
1440	0.1727281547	0.1607777778	0.1963049383
1441	0.1727243238	0.1608888889	0.1963635802
1442	0.1727235872	0.1608888889	0.1963635802
1443	0.1727197777	0.161	0.1964006173
1444	0.1727167604	0.161	0.1962
1445	0.1727111727	0.1608888889	0.1961259259
1446	0.1727089129	0.161	0.1961950617
1447	0.1727049899	0.161	0.1961626543
1448	0.1727013593	0.1611111111	0.1962626543
1449	0.1726981016	0.1611111111	0.1963080247
1450	0.1726933232	0.1612222222	0.1962432099
1451	0.1726894414	0.1613333333	0.1962691358
1452	0.1726870875	0.1612222222	0.1962506173
1453	0.1726849375	0.1613333333	0.1964388889
1454	0.1726790486	0.1613333333	0.1963125
1455	0.1726735079	0.1615555556	0.1967041667
1456	0.1726705618	0.1615555556	0.1970375
1457	0.1726673638	0.1615555556	0.1970486111
1458	0.172663791	0.1616666667	0.1970921296
1459	0.1726612107	0.1615555556	0.1969976852
1460	0.1726567684	0.1615555556	0.1969421296
1461	0.1726530775	0.1615555556	0.1969421296
1462	0.1726492703	0.1615555556	0.1969467593
1463	0.1726452596	0.1616666667	0.1967800926
1464	0.1726418858	0.1615555556	0.1968569444
1465	0.1726384228	0.1615555556	0.1969263889
1466	0.1726381243	0.1615555556	0.1969263889
1467	0.1726344741	0.1616666667	0.1969580247
1468	0.1726314259	0.1617777778	0.1971875
1469	0.1726286312	0.1617777778	0.1971177469
1470	0.1726256849	0.1617777778	0.1970837963
1471	0.1726207025	0.1617777778	0.1971162037
1472	0.1726157346	0.1617777778	0.1970023148
1473	0.172614598	0.1617777778	0.1969097222
1474	0.1726101807	0.1616666667	0.196925
1475	0.1726060774	0.1616666667	0.1970893519
1476	0.1726020702	0.1617777778	0.1971356481
1477	0.1725990948	0.1618888889	0.1972046296
1478	0.1725963746	0.162	0.1974268519
1479	0.1725929217	0.1618888889	0.1972262346
1480	0.1725905374	0.1618888889	0.1972540123
1481	0.1725860995	0.1618888889	0.1972540123
1482	0.1725822141	0.1618888889	0.1971780864
1483	0.1725784518	0.1617777778	0.1971040123
1484	0.1725744618	0.1618888889	0.1971583333
1485	0.1725704744	0.1621111111	0.1973222222
1486	0.1725666588	0.1622222222	0.1975
1487	0.172562572	0.1622222222	0.1975185185
1488	0.1725573805	0.1622222222	0.1975
1489	0.1725537664	0.1622222222	0.197617284
1490	0.172549941	0.1621111111	0.1975925926
1491	0.1725478648	0.1623333333	0.1977074074
1492	0.1725427711	0.1625555556	0.1978583333
1493	0.1725379425	0.1625555556	0.1978274691
1494	0.1725334014	0.1624444444	0.1977608025
1495	0.1725300315	0.1623333333	0.1977867284
1496	0.1725284849	0.1622222222	0.1976478395
1497	0.1725236358	0.1623333333	0.1977052469
1498	0.1725194938	0.1623333333	0.1977561728
1499	0.1725166447	0.1623333333	0.1977561728
1500	0.1725134007	0.1623333333	0.1976496914
1501	0.1725107097	0.1623333333	0.1976459877
1502	0.1725069649	0.1623333333	0.1978157407
1503	0.1725018354	0.1624444444	0.1980138889
1504	0.172498661	0.1624444444	0.1980277778
1505	0.1724940883	0.1624444444	0.1979398148
1506	0.1724913722	0.1624444444	0.197933642
1507	0.1724857455	0.1625555556	0.1980151235
1508	0.1724820953	0.1623333333	0.1981984568
1509	0.1724788975	0.1623333333	0.1982114198
1510	0.1724755417	0.1623333333	0.1981929012
1511	0.1724701252	0.1622222222	0.1980623457
1512	0.172467024	0.1621111111	0.1979864198
1513	0.1724634731	0.1621111111	0.1980160494
1514	0.1724603827	0.1621111111	0.1980669753
1515	0.1724549849	0.1621111111	0.1979882716
1516	0.1724511898	0.1623333333	0.1981791667
1517	0.1724466057	0.1623333333	0.1980927469
1518	0.1724434104	0.1624444444	0.1982177469
1519	0.1724378758	0.1624444444	0.1984270062
1520	0.1724339868	0.1624444444	0.1985658951
1521	0.1724310804	0.1624444444	0.1985844136
1522	0.1724269831	0.1624444444	0.1982881173
1523	0.1724232334	0.1624444444	0.1983248457
1524	0.1724209039	0.1624444444	0.1983544753
1525	0.1724180365	0.1623333333	0.1981384259
1526	0.1724136403	0.1623333333	0.1981569444
1527	0.172409633	0.1624444444	0.1983162037
1528	0.1724062013	0.1623333333	0.1982359568
1529	0.1724033503	0.1623333333	0.1982915123
1530	0.1724003006	0.1624444444	0.198333179
1531	0.1723953429	0.1625555556	0.1984072531
1532	0.1723910111	0.1626666667	0.1985097222
1533	0.1723881977	0.1625555556	0.1984850309
1534	0.1723845342	0.1626666667	0.1987757716
1535	0.1723823232	0.1626666667	0.1987449074
1536	0.1723795365	0.1626666667	0.1986708333
1537	0.1723766658	0.1626666667	0.1986708333
1538	0.1723739881	0.1626666667	0.1988652778
1539	0.1723677923	0.1627777778	0.1990106481
1540	0.1723606499	0.1626666667	0.1990643519
1541	0.172357371	0.1626666667	0.1989637346
1542	0.172353201	0.1627777778	0.1990489198
1543	0.1723489166	0.1627777778	0.1990655864
1544	0.1723448885	0.163	0.1991470679
1545	0.1723405288	0.163	0.1991748457
1546	0.172337109	0.163	0.1995391975
1547	0.1723339656	0.163	0.1995762346
1548	0.1723299454	0.1631111111	0.1996540123
1549	0.1723245014	0.1631111111	0.1993873457
1550	0.17232114	0.1631111111	0.1994910494
1551	0.1723173785	0.1631111111	0.1991947531
1552	0.172313441	0.1632222222	0.1993570988
1553	0.1723105676	0.1632222222	0.199307716
1554	0.1723078491	0.1632222222	0.1992410494
1555	0.1723060447	0.1634444444	0.1994817901
1556	0.1723029068	0.1634444444	0.1994373457
1557	0.172302134	0.1634444444	0.1994373457
1558	0.1722998599	0.1634444444	0.1994743827
1559	0.1722970514	0.1634444444	0.1994216049
1560	0.1722929443	0.1635555556	0.199532716
1561	0.1722886737	0.1635555556	0.1995882716
1562	0.1722855671	0.1636666667	0.1998401235
1563	0.172282069	0.1635555556	0.1998216049
1564	0.1722788776	0.1635555556	0.1998691358
1565	0.1722730885	0.1634444444	0.1998691358
1566	0.172269355	0.1634444444	0.1998382716
1567	0.1722658504	0.1634444444	0.1998604938
1568	0.1722644016	0.1634444444	0.1998382716
1569	0.1722596623	0.1634444444	0.1998024691
1570	0.1722547061	0.1634444444	0.1998148148
1571	0.1722513496	0.1634444444	0.1998311728
1572	0.1722466484	0.1634444444	0.199817284
1573	0.1722446467	0.1634444444	0.199817284
1574	0.172241335	0.1634444444	0.1999067901
1575	0.1722363425	0.1634444444	0.2001984568
1576	0.1722320355	0.1634444444	0.2001169753
1577	0.1722289929	0.1634444444	0.1999641975
1578	0.1722246229	0.1634444444	0.199982716
1579	0.1722204732	0.1635555556	0.2000509259
1580	0.1722203342	0.1635555556	0.2000509259
1581	0.1722161225	0.1633333333	0.1998638889
1582	0.1722126257	0.1633333333	0.2000027778
1583	0.1722106791	0.1633333333	0.2000111111
1584	0.172206223	0.1633333333	0.1998768519
1585	0.1722012941	0.1635555556	0.1996314815
1586	0.1721987636	0.1636666667	0.1997212963
1587	0.172194302	0.1635555556	0.1996796296
1588	0.1721896339	0.1638888889	0.1998268519
1589	0.1721885858	0.1636666667	0.1995564815
1590	0.1721851762	0.1635555556	0.1997527778
1591	0.1721791128	0.1638888889	0.2002509259
1592	0.1721752111	0.1638888889	0.2001398148
1593	0.1721713964	0.1637777778	0.2001884259
1594	0.1721688286	0.1638888889	0.2004273148
1595	0.1721664047	0.164	0.2001532407
1596	0.1721622921	0.164	0.2001828704
1597	0.1721575145	0.164	0.2001134259
1598	0.1721535262	0.1638888889	0.2001342593
1599	0.1721521093	0.1638888889	0.200212963
1600	0.1721515901	0.1638888889	0.200212963
1601	0.1721482947	0.164	0.2000171296
1602	0.1721431821	0.1637777778	0.2001564815
1603	0.1721408985	0.1638888889	0.2002560185
1604	0.1721386408	0.164	0.200387963
1605	0.1721344333	0.1642222222	0.2005361111
1606	0.1721313879	0.1643333333	0.2006472222
1607	0.17212766	0.1643333333	0.2004003086
1608	0.1721260355	0.1643333333	0.2005762346
1609	0.1721225489	0.1643333333	0.2007901235
1610	0.1721199524	0.1642222222	0.2006864198
1611	0.1721174194	0.1642222222	0.2006716049
1612	0.1721131175	0.1642222222	0.2005790123
1613	0.1721092604	0.1642222222	0.20065
1614	0.1721059988	0.1644444444	0.2008351852
1615	0.1721032787	0.1643333333	0.2008074074
1616	0.1721009869	0.1643333333	0.2007148148
1617	0.1720992607	0.1642222222	0.2006407407
1618	0.1720951965	0.1644444444	0.2008898148
1619	0.1720909421	0.1644444444	0.2008949074
1620	0.1720872149	0.1644444444	0.2008300926
1621	0.1720788852	0.1644444444	0.2008717593
1622	0.1720744143	0.1644444444	0.2009625
1623	0.1720728471	0.1644444444	0.2009791667
1624	0.1720669313	0.1644444444	0.2008643519
1625	0.1720645079	0.1645555556	0.2009384259
1626	0.1720612801	0.1646666667	0.201049537
1627	0.1720576988	0.1647777778	0.2012365741
1628	0.1720530682	0.1647777778	0.2012476852
1629	0.172049718	0.1648888889	0.2012736111
1630	0.1720459937	0.165	0.2013763889
1631	0.1720409789	0.165	0.2012236111
1632	0.1720380583	0.1651111111	0.201333179
1633	0.1720337662	0.1647777778	0.2011683642
1634	0.1720312613	0.1646666667	0.2010785494
1635	0.1720309185	0.1646666667	0.2010785494
1636	0.1720275467	0.1648888889	0.2011674383
1637	0.1720231769	0.165	0.2011655864
1638	0.1720177069	0.1651111111	0.2013137346
1639	0.1720146246	0.165	0.2013276235
1640	0.1720111688	0.1651111111	0.2012535494
1641	0.1720063808	0.1651111111	0.2013609568
1642	0.1720032335	0.1651111111	0.2012915123
1643	0.1719994617	0.165	0.2013229938
1644	0.1719959947	0.1648888889	0.2012813272
1645	0.1719917001	0.1648888889	0.2014356481
1646	0.1719862631	0.1648888889	0.2013878086
1647	0.1719812829	0.1651111111	0.2016143519
1648	0.1719786487	0.1651111111	0.2015819444
1649	0.1719749279	0.1652222222	0.2016541667
1650	0.1719705889	0.1652222222	0.2015850309
1651	0.1719675297	0.1652222222	0.2015850309
1652	0.1719637101	0.1652222222	0.2016035494
1653	0.1719586089	0.1652222222	0.2016151235
1654	0.1719559915	0.1651111111	0.2015479938
1655	0.1719521349	0.1651111111	0.201608179
1656	0.1719495885	0.1651111111	0.2015757716
1657	0.1719476017	0.165	0.2014591049
1658	0.1719431597	0.1651111111	0.2015484568
1659	0.1719408851	0.1651111111	0.2015466049
1660	0.1719371088	0.1652222222	0.201520216
1661	0.1719329773	0.1652222222	0.2015942901
1662	0.1719291137	0.1653333333	0.201670216
1663	0.1719243738	0.1653333333	0.2017566358
1664	0.171920472	0.1653333333	0.2018733025
1665	0.1719189242	0.1652222222	0.2018066358
1666	0.171915341	0.1653333333	0.2019427469
1667	0.1719115363	0.1651111111	0.2017057099
1668	0.1719063287	0.1651111111	0.2017365741
1669	0.1719023768	0.1651111111	0.201750463
1670	0.1718994242	0.165	0.2016856481
1671	0.1718963458	0.1652222222	0.2018708333
1672	0.1718926722	0.1653333333	0.2019680556
1673	0.171888215	0.1653333333	0.2018523148
1674	0.1718823986	0.1652222222	0.2019859568
1675	0.1718785213	0.1652222222	0.2019859568
1676	0.1718744424	0.1652222222	0.201958179
1677	0.1718714179	0.1653333333	0.2021933642
1678	0.1718700805	0.1651111111	0.202008179
1679	0.1718677543	0.1651111111	0.2019865741
1680	0.1718646974	0.1651111111	0.2019912037
1681	0.1718612536	0.1651111111	0.2020498457
1682	0.1718554452	0.165	0.2020430556
1683	0.1718511145	0.165	0.2019319444
1684	0.1718486301	0.1651111111	0.2020708333
1685	0.1718444153	0.1652222222	0.2022219136
1686	0.1718412241	0.1652222222	0.2022103395
1687	0.1718381943	0.1653333333	0.202383179
1688	0.1718345114	0.1654444444	0.2024651235
1689	0.1718323751	0.1654444444	0.2023848765
1690	0.1718293591	0.1653333333	0.2023348765
1691	0.1718255528	0.1653333333	0.2023966049
1692	0.1718215269	0.1653333333	0.202308642
1693	0.1718175469	0.1654444444	0.2024802469
1694	0.1718138963	0.1655555556	0.2024858025
1695	0.1718103526	0.1655555556	0.2023634259
1696	0.1718079303	0.1654444444	0.2023986111
1697	0.1718056569	0.1655555556	0.2024541667
1698	0.1718025914	0.1655555556	0.2024541667
1699	0.1717994629	0.1654444444	0.2023430556
1700	0.1717944225	0.1654444444	0.2021875
1701	0.1717920091	0.1653333333	0.2020408951
1702	0.1717872676	0.1653333333	0.2020964506
1703	0.1717844775	0.1655555556	0.202153858
1704	0.1717812348	0.1655555556	0.2020875
1705	0.1717796129	0.1655555556	0.2021430556
1706	0.1717764456	0.1655555556	0.2021430556
1707	0.1717729371	0.1655555556	0.2021635802
1708	0.1717692471	0.1656666667	0.2024175926
1709	0.1717634814	0.1657777778	0.2024398148
1710	0.1717588877	0.1655555556	0.2025341049
1711	0.171756421	0.1655555556	0.202608179
1712	0.1717540579	0.1653333333	0.2024384259
1713	0.1717508418	0.1653333333	0.2023600309
1714	0.1717470649	0.1654444444	0.2024933642
1715	0.1717439834	0.1653333333	0.2024313272
1716	0.1717412193	0.1653333333	0.2024591049
1717	0.17173594	0.1653333333	0.2023279321
1718	0.1717313178	0.1653333333	0.2023362654
1719	0.1717262545	0.1653333333	0.2024270062
1720	0.1717228211	0.1654444444	0.202516821
1721	0.171718406	0.1654444444	0.2024526235
1722	0.1717146462	0.1654444444	0.202441821
1723	0.1717089078	0.1655555556	0.202441821
1724	0.1717059542	0.1655555556	0.202441821
1725	0.1717034485	0.1655555556	0.202441821
1726	0.1716989929	0.1655555556	0.2024408951
1727	0.1716969293	0.1655555556	0.2024640432
1728	0.171691986	0.1656666667	0.2025242284
1729	0.171687909	0.1656666667	0.2027094136
1730	0.1716851658	0.1656666667	0.2027942901
1731	0.1716808363	0.1657777778	0.2028220679
1732	0.1716774596	0.1656666667	0.2027097222
1733	0.1716731709	0.1654444444	0.202428858
1734	0.1716696084	0.1654444444	0.2023439815
1735	0.1716685813	0.1654444444	0.2023439815
1736	0.1716641416	0.1655555556	0.202475463
1737	0.1716613062	0.1657777778	0.2029375
1738	0.1716586024	0.1657777778	0.2029930556
1739	0.1716542829	0.1655555556	0.2028001543
1740	0.1716514137	0.1655555556	0.2028001543
1741	0.171648381	0.1655555556	0.2028310185
1742	0.1716462581	0.1655555556	0.2028523148
1743	0.1716434768	0.1656666667	0.2029498457
1744	0.1716392052	0.1658888889	0.2034075617
1745	0.1716369272	0.1658888889	0.2034075617
1746	0.1716319583	0.1658888889	0.2035020062
1747	0.1716287641	0.1658888889	0.2031933642
1748	0.1716249619	0.166	0.2033205247
1749	0.1716207709	0.166	0.2033260802
1750	0.1716179617	0.166	0.2032368827
1751	0.1716139116	0.166	0.2032368827
1752	0.1716109872	0.1662222222	0.2034782407
1753	0.1716070781	0.1661111111	0.2034976852
1754	0.1716034967	0.1661111111	0.2034751543
1755	0.1715994268	0.1663333333	0.2035658951
1756	0.1715961975	0.1664444444	0.2037066358
1757	0.1715919976	0.1664444444	0.2037311728
1758	0.1715897759	0.1664444444	0.2037682099
1759	0.1715868813	0.1665555556	0.2037677469
1760	0.1715822431	0.1665555556	0.2040393519
1761	0.1715790438	0.1665555556	0.2040108025
1762	0.1715771722	0.1664444444	0.2040756173
1763	0.1715713347	0.1665555556	0.2041311728
1764	0.1715670186	0.1664444444	0.204162037
1765	0.1715615491	0.1664444444	0.2041481481
1766	0.1715565426	0.1664444444	0.2040665123
1767	0.1715508221	0.1666666667	0.2041902778
1768	0.1715480131	0.1666666667	0.2042057099
1769	0.1715461012	0.1666666667	0.2042057099
1770	0.1715421233	0.1665555556	0.2038625
1771	0.1715383445	0.1665555556	0.2038958333
1772	0.1715361011	0.1665555556	0.2041026235
1773	0.171533273	0.1666666667	0.2042248457
1774	0.1715289104	0.1665555556	0.2041717593
1775	0.1715275094	0.1664444444	0.2040935185
1776	0.171525488	0.1665555556	0.2041251543
1777	0.1715246077	0.1665555556	0.2041251543
1778	0.1715200068	0.1667777778	0.2040973765
1779	0.1715176167	0.167	0.2040344136
1780	0.1715128856	0.167	0.2040398148
1781	0.171508914	0.1668888889	0.2039648148
1782	0.1715049857	0.1667777778	0.2041851852
1783	0.1715009515	0.1668888889	0.2043703704
1784	0.1714973996	0.1668888889	0.204412963
1785	0.1714945049	0.1667777778	0.2044037037
1786	0.171489094	0.1667777778	0.2044314815
1787	0.1714861969	0.1666666667	0.2040740741
1788	0.1714817215	0.1667777778	0.2042324074
1789	0.1714771333	0.1667777778	0.2044929012
1790	0.1714751018	0.1667777778	0.2045194444
1791	0.1714736988	0.1667777778	0.2044638889
1792	0.171471919	0.1668888889	0.2045935185
1793	0.1714677654	0.1668888889	0.204537963
1794	0.1714638718	0.1667777778	0.2044712963
1795	0.1714597884	0.1668888889	0.2045737654
1796	0.1714554999	0.1666666667	0.2045205247
1797	0.17145182	0.1667777778	0.2045353395
1798	0.1714452024	0.1668888889	0.2047637346
1799	0.1714405916	0.1667777778	0.2047069444
1800	0.1714379835	0.1668888889	0.2047361111
1801	0.1714348701	0.167	0.204929321
1802	0.1714315161	0.167	0.2049833333
1803	0.1714277054	0.167	0.2049524691
1804	0.171424515	0.1668888889	0.2048481481
1805	0.1714202414	0.1668888889	0.2045891975
1806	0.1714166375	0.167	0.2046558642
1807	0.1714123882	0.1671111111	0.2051638889
1808	0.1714062016	0.1672222222	0.2052935185
1809	0.1714028368	0.1673333333	0.2052268519
1810	0.1713987323	0.1673333333	0.2052453704
1811	0.1713941453	0.1674444444	0.2053287037
1812	0.1713937522	0.1674444444	0.2053287037
1813	0.17139063	0.1674444444	0.2052916667
1814	0.1713874406	0.1674444444	0.2053935185
1815	0.171383727	0.1673333333	0.2052861111
1816	0.1713793359	0.1671111111	0.2052027778
1817	0.1713774639	0.1672222222	0.2052385802
1818	0.1713757993	0.1672222222	0.2052887346
1819	0.1713721852	0.1674444444	0.2055449074
1820	0.1713697075	0.1673333333	0.2055060185
1821	0.1713651902	0.1677777778	0.2054300926
1822	0.1713636761	0.1677777778	0.2054023148
1823	0.17135871	0.1677777778	0.2054023148
1824	0.1713564598	0.1677777778	0.2054023148
1825	0.1713532237	0.1676666667	0.2053233025
1826	0.1713493997	0.1676666667	0.205304784
1827	0.1713487966	0.1677777778	0.2053714506
1828	0.1713473654	0.1677777778	0.2053714506
1829	0.1713434318	0.1677777778	0.2054949074
1830	0.1713374101	0.1677777778	0.2054655864
1831	0.171331883	0.1678888889	0.2054550926
1832	0.1713280513	0.1677777778	0.2051518519
1833	0.1713254036	0.1678888889	0.205425
1834	0.1713241713	0.1678888889	0.2054959877
1835	0.1713225608	0.168	0.2056348765
1836	0.1713183359	0.1681111111	0.2058904321
1837	0.1713155163	0.1681111111	0.2058904321
1838	0.1713125236	0.1681111111	0.2059251543
1839	0.1713101561	0.1681111111	0.2059560185
1840	0.1713078643	0.1682222222	0.206000463
1841	0.1713047316	0.1682222222	0.206000463
1842	0.1713024461	0.1682222222	0.2059541667
1843	0.1712993779	0.1685555556	0.2065356481
1844	0.1712970298	0.1684444444	0.206424537
1845	0.1712935631	0.1684444444	0.2066578704
1846	0.1712898822	0.1684444444	0.2066578704
1847	0.171288331	0.1684444444	0.2066578704
1848	0.1712861543	0.1685555556	0.2067578704
1849	0.1712821299	0.1685555556	0.2067282407
1850	0.1712775822	0.1686666667	0.2068171296
1851	0.1712734831	0.1686666667	0.2067032407
1852	0.1712706657	0.1687777778	0.2067421296
1853	0.1712684848	0.1687777778	0.2067421296
1854	0.1712659551	0.1686666667	0.2066699074
1855	0.1712614278	0.1686666667	0.2067032407
1856	0.1712571324	0.1686666667	0.2067773148
1857	0.1712538083	0.1685555556	0.2066699074
1858	0.1712519244	0.1685555556	0.2066587963
1859	0.1712494124	0.1685555556	0.2066587963
1860	0.1712463982	0.1686666667	0.2064513889
1861	0.1712444825	0.1686666667	0.2064560185
1862	0.1712398118	0.1686666667	0.2065027778
1863	0.171235482	0.1686666667	0.2064564815
1864	0.1712326032	0.1686666667	0.2064916667
1865	0.1712323566	0.1686666667	0.2064916667
1866	0.17122918	0.1685555556	0.206425
1867	0.171226831	0.1684444444	0.2063814815
1868	0.1712238219	0.1687777778	0.2065805556
1869	0.171221992	0.1688888889	0.2066842593
1870	0.1712193324	0.1688888889	0.2066842593
1871	0.171216169	0.1687777778	0.2065675926
1872	0.1712128103	0.1687777778	0.2065558642
1873	0.1712106362	0.169	0.2068262346
1874	0.1712083324	0.1691111111	0.2069040123
1875	0.1712044181	0.1687777778	0.2066743827
1876	0.1712005023	0.1687777778	0.2067929012
1877	0.1711980286	0.1686666667	0.2067651235
1878	0.1711958044	0.1685555556	0.2067151235
1879	0.1711926349	0.1687777778	0.2067669753
1880	0.1711897368	0.1687777778	0.2067885802
1881	0.171184971	0.1688888889	0.2071929012
1882	0.1711803734	0.1687777778	0.2071114198
1883	0.1711788172	0.1687777778	0.2072040123
1884	0.1711760099	0.1687777778	0.2071151235
1885	0.1711725854	0.1688888889	0.2072728395
1886	0.1711711576	0.1688888889	0.2072450617
1887	0.1711662307	0.1687777778	0.207158642
1888	0.1711630409	0.169	0.2073322531
1889	0.171160163	0.169	0.2073322531
1890	0.1711560239	0.169	0.2073651235
1891	0.1711556421	0.169	0.2073651235
1892	0.1711509776	0.169	0.2073033951
1893	0.1711477446	0.1691111111	0.2073052469
1894	0.1711458107	0.1691111111	0.2073330247
1895	0.1711421244	0.1692222222	0.2073858025
1896	0.1711388968	0.1691111111	0.2072746914
1897	0.1711355386	0.1691111111	0.2072746914
1898	0.1711318807	0.169	0.2069489198
1899	0.1711284905	0.169	0.2069334877
1900	0.1711272578	0.1688888889	0.2068260802
1901	0.1711249323	0.1688888889	0.2068492284
1902	0.1711219371	0.1688888889	0.2068492284
1903	0.1711189686	0.1688888889	0.2069237654
1904	0.1711157734	0.1688888889	0.2068851852
1905	0.171111294	0.1687777778	0.2068064815
1906	0.1711082731	0.1688888889	0.2069435185
1907	0.1711048544	0.1687777778	0.2068601852
1908	0.1711003653	0.1687777778	0.2068601852
1909	0.1710987661	0.1687777778	0.2068694444
1910	0.1710955594	0.1688888889	0.2069361111
1911	0.1710914915	0.1688888889	0.2067126543
1912	0.1710892966	0.1688888889	0.2067126543
1913	0.171085801	0.1688888889	0.2067404321
1914	0.1710823247	0.1687777778	0.2066219136
1915	0.1710780455	0.1688888889	0.2066944444
1916	0.171074799	0.1688888889	0.2066944444
1917	0.1710726324	0.169	0.2067919753
1918	0.1710694266	0.169	0.2067919753
1919	0.1710658717	0.1688888889	0.2067253086
1920	0.1710625283	0.1691111111	0.2070262346
1921	0.1710595796	0.1692222222	0.2071759259
1922	0.1710565468	0.1692222222	0.207187037
1923	0.1710535761	0.1692222222	0.2072148148
1924	0.1710512263	0.1691111111	0.2071222222
1925	0.1710468888	0.1691111111	0.2071222222
1926	0.1710431192	0.1691111111	0.2071407407
1927	0.1710416277	0.1692222222	0.2072240741
1928	0.1710377402	0.1692222222	0.207237963
1929	0.1710335513	0.1691111111	0.2070046296
1930	0.1710314907	0.1691111111	0.2070324074
1931	0.1710275517	0.169	0.2071373457
1932	0.1710254015	0.169	0.2071484568
1933	0.1710211302	0.1692222222	0.2073688272
1934	0.1710184386	0.1693333333	0.2074521605
1935	0.1710167355	0.1693333333	0.2075169753
1936	0.1710126175	0.1692222222	0.2074405864
1937	0.1710095963	0.1693333333	0.207107716
1938	0.1710062637	0.1693333333	0.2071544753
1939	0.1710041709	0.1693333333	0.2071192901
1940	0.1709983238	0.1693333333	0.2072044753
1941	0.1709945907	0.1694444444	0.2071365741
1942	0.170990578	0.1693333333	0.2070108025
1943	0.1709874905	0.1693333333	0.2067330247
1944	0.1709853502	0.1692222222	0.2068978395
1945	0.170981292	0.1692222222	0.2068978395
1946	0.1709794497	0.1692222222	0.2068669753
1947	0.1709749165	0.1692222222	0.2068669753
1948	0.1709702386	0.1692222222	0.2068533951
1949	0.1709660257	0.1692222222	0.2069348765
1950	0.1709631632	0.1692222222	0.2068904321
1951	0.1709609468	0.1692222222	0.2071200617
1952	0.1709576727	0.1693333333	0.2072182099
1953	0.17095575	0.1693333333	0.2071996914
1954	0.1709536171	0.1693333333	0.2068601852
1955	0.1709518182	0.1695555556	0.2069138889
1956	0.1709475244	0.1693333333	0.2070731481
1957	0.1709453692	0.1694444444	0.2071361111
1958	0.1709431445	0.1695555556	0.20725
1959	0.1709404548	0.1694444444	0.207525
1960	0.1709371734	0.1696666667	0.207737963
1961	0.1709358514	0.1696666667	0.207737963
1962	0.1709323163	0.1696666667	0.2077634259
1963	0.170930149	0.1696666667	0.2078328704
1964	0.1709270375	0.1695555556	0.207799537
1965	0.1709238217	0.1694444444	0.2076810185
1966	0.1709204325	0.1694444444	0.2077481481
1967	0.1709166343	0.1694444444	0.2074070988
1968	0.1709133911	0.1694444444	0.2074070988
1969	0.1709091254	0.1694444444	0.2073469136
1970	0.1709070851	0.1694444444	0.2073728395
1971	0.1709052535	0.1694444444	0.2073049383
1972	0.1709013724	0.1694444444	0.207332716
1973	0.1708977235	0.1695555556	0.2073438272
1974	0.1708954612	0.1695555556	0.2072820988
1975	0.1708928087	0.1695555556	0.207312963
1976	0.1708892819	0.1696666667	0.2074240741
1977	0.1708878242	0.1696666667	0.2073574074
1978	0.170883812	0.1696666667	0.2075407407
1979	0.1708800755	0.1696666667	0.2075407407
1980	0.1708772819	0.1695555556	0.2075580247
1981	0.1708741662	0.1694444444	0.2074746914
1982	0.1708714401	0.1694444444	0.2074746914
1983	0.1708670732	0.1694444444	0.2075348765
1984	0.1708631791	0.1694444444	0.2078108025
1985	0.1708604344	0.1694444444	0.2078108025
1986	0.1708565949	0.1694444444	0.207741358
1987	0.1708537045	0.1694444444	0.2077104938
1988	0.1708498382	0.1694444444	0.2077006173
1989	0.1708456564	0.1694444444	0.2076243827
1990	0.1708428226	0.1694444444	0.2076243827
1991	0.1708395091	0.1694444444	0.2076496914
1992	0.1708341655	0.1694444444	0.2076219136
1993	0.1708289084	0.1694444444	0.2076219136
1994	0.1708253809	0.1694444444	0.2075910494
1995	0.1708195636	0.1694444444	0.2076728395
1996	0.1708141847	0.1694444444	0.2076728395
1997	0.1708112745	0.1694444444	0.2076728395
1998	0.1708081051	0.1694444444	0.207367284
1999	0.1708024289	0.1694444444	0.207367284
