iter	RMSE	PrecisionAt:top=5	MAP:top=5
0	0.2048958541	0.04944444444	0.03824737654
1	0.2034288576	0.05477777778	0.04630138889
2	0.2021283123	0.06688888889	0.0579845679
3	0.2010059738	0.06977777778	0.0631595679
4	0.2000050241	0.07177777778	0.06540246914
5	0.1991625876	0.073	0.06691743827
6	0.1983947543	0.07455555556	0.07114212963
7	0.1977115432	0.07555555556	0.07222746914
8	0.1970486855	0.07788888889	0.07525385802
9	0.1964549525	0.08155555556	0.08149351852
10	0.1959628193	0.08144444444	0.0824992284
11	0.1954842494	0.08422222222	0.0852367284
12	0.1950241411	0.08411111111	0.08563410494
13	0.1946372255	0.08511111111	0.08849166667
14	0.1942758948	0.08688888889	0.09131959877
15	0.1939636556	0.08677777778	0.0907367284
16	0.1936342783	0.088	0.09177762346
17	0.1932904237	0.08877777778	0.0942662037
18	0.1929988213	0.091	0.09890725309
19	0.1927317683	0.09211111111	0.09955046296
20	0.1924868439	0.09155555556	0.0977029321
21	0.192262604	0.09088888889	0.09777608025
22	0.1920632272	0.09255555556	0.1005652778
23	0.1918646734	0.09244444444	0.0998117284
24	0.191676359	0.09377777778	0.1024316358
25	0.1914825766	0.09388888889	0.1028800926
26	0.1912852372	0.09422222222	0.1040904321
27	0.1911215904	0.09455555556	0.1048716049
28	0.1909768965	0.09544444444	0.1061817901
29	0.1908208804	0.09688888889	0.1070682099
30	0.1906780236	0.097	0.1075712963
31	0.1905431861	0.09733333333	0.1080759259
32	0.1904192332	0.09822222222	0.1083959877
33	0.1903232959	0.098	0.1084759259
34	0.1901739642	0.09888888889	0.1108074074
35	0.1900593117	0.09911111111	0.1109807099
36	0.1899635597	0.09922222222	0.1116820988
37	0.1898723498	0.1001111111	0.1125429012
38	0.1897566065	0.1004444444	0.112670216
39	0.1896527186	0.1011111111	0.1137472222
40	0.189561994	0.1013333333	0.1134057099
41	0.1894591907	0.1017777778	0.1137066358
42	0.1893721279	0.1016666667	0.1136601852
43	0.1892903641	0.102	0.1150404321
44	0.1892211962	0.1024444444	0.1155759259
45	0.1891227893	0.1032222222	0.1159933642
46	0.1890416197	0.1033333333	0.116133179
47	0.1889515357	0.1038888889	0.1163007716
48	0.1888634865	0.1052222222	0.1172285494
49	0.1887744629	0.1053333333	0.1171638889
50	0.1886960816	0.1056666667	0.1189901235
51	0.1886298785	0.1056666667	0.1189814815
52	0.1885577853	0.1063333333	0.1187891975
53	0.1884989384	0.1057777778	0.1196589506
54	0.1884233895	0.1056666667	0.1194527778
55	0.1883753113	0.1057777778	0.1195527778
56	0.1883015407	0.1054444444	0.1194966049
57	0.1882447195	0.1061111111	0.1197197531
58	0.188173202	0.106	0.1208651235
59	0.1881167973	0.1055555556	0.1200007716
60	0.1880667126	0.1056666667	0.1203871914
61	0.1880008134	0.1062222222	0.1211023148
62	0.1879434419	0.107	0.1209376543
63	0.1878955342	0.1065555556	0.1207941358
64	0.1878280992	0.1071111111	0.1208817901
65	0.1877630052	0.1073333333	0.1214075617
66	0.1877100345	0.1075555556	0.1215853395
67	0.1876520152	0.1078888889	0.1220615741
68	0.1876069299	0.1082222222	0.122533642
69	0.1875706049	0.1085555556	0.1227733025
70	0.1875169602	0.109	0.1241774691
71	0.1874839986	0.1096666667	0.1245001543
72	0.1874323815	0.11	0.1243935185
73	0.1873977966	0.1101111111	0.1243947531
74	0.1873526381	0.1098888889	0.1249695988
75	0.1873174879	0.1102222222	0.1252324074
76	0.1872828219	0.1105555556	0.1244003086
77	0.1872615772	0.1111111111	0.1250259259
78	0.187218988	0.111	0.1257584877
79	0.187182867	0.1113333333	0.126187037
80	0.1871371097	0.1118888889	0.1272212963
81	0.1870969641	0.1124444444	0.1277927469
82	0.1870623612	0.1126666667	0.1278638889
83	0.1870178599	0.1126666667	0.1274145062
84	0.1869854085	0.1127777778	0.1273654321
85	0.1869460007	0.1131111111	0.1274540123
86	0.186911639	0.1133333333	0.127675
87	0.186886725	0.1134444444	0.1278638889
88	0.1868234948	0.1137777778	0.1283280864
89	0.1868030522	0.114	0.1286162037
90	0.186744368	0.114	0.1286162037
91	0.1866935644	0.1137777778	0.1291944444
92	0.1866523076	0.1137777778	0.129458642
93	0.1866059503	0.1141111111	0.1298714506
94	0.1865750467	0.1143333333	0.1302958333
95	0.1865453565	0.1145555556	0.1302314815
96	0.1865113343	0.1151111111	0.130629784
97	0.1864627247	0.1155555556	0.1316949074
98	0.1864135441	0.1155555556	0.1315680556
99	0.1863885373	0.1157777778	0.1312921296
100	0.1863656602	0.1158888889	0.1315570988
101	0.1863300714	0.1155555556	0.1310234568
102	0.1863030231	0.1154444444	0.1309529321
103	0.186262129	0.1153333333	0.1312780864
104	0.1862207764	0.1162222222	0.1319020062
105	0.1861802492	0.1165555556	0.1316919753
106	0.1861567657	0.1166666667	0.1313790123
107	0.1861429616	0.1163333333	0.1312257716
108	0.1861165087	0.1161111111	0.1314273148
109	0.186086257	0.1167777778	0.1315263889
110	0.1860500148	0.1168888889	0.1318404321
111	0.1860285485	0.1171111111	0.1322229938
112	0.1859851906	0.1172222222	0.1323674383
113	0.1859523902	0.1171111111	0.1324708333
114	0.1859209276	0.1175555556	0.1326887346
115	0.1858912782	0.1177777778	0.1331115741
116	0.1858791846	0.1175555556	0.1329111111
117	0.1858515334	0.1183333333	0.1338825617
118	0.1858187052	0.1181111111	0.1337658951
119	0.1857702109	0.118	0.1336936728
120	0.1857315667	0.1181111111	0.1338654321
121	0.1857102026	0.1181111111	0.1340313272
122	0.1856766251	0.118	0.1343324074
123	0.1856553536	0.1184444444	0.1347873457
124	0.1856168932	0.1184444444	0.1348058642
125	0.1855992119	0.1186666667	0.1348128086
126	0.1855521602	0.1188888889	0.1355408951
127	0.1855243225	0.1188888889	0.1351882716
128	0.1854963712	0.119	0.1352276235
129	0.1854711567	0.1193333333	0.1361753086
130	0.1854355621	0.1195555556	0.1361910494
131	0.1853976476	0.1194444444	0.1360572531
132	0.1853760565	0.1197777778	0.1362466049
133	0.1853602785	0.1197777778	0.1363790123
134	0.1853399898	0.1204444444	0.1370737654
135	0.1853083589	0.1202222222	0.1366898148
136	0.1852826039	0.1208888889	0.1375078704
137	0.185254648	0.121	0.137525
138	0.1852123795	0.122	0.1385314815
139	0.1851785024	0.1218888889	0.1384462963
140	0.1851483071	0.1223333333	0.1386966049
141	0.1851102829	0.1222222222	0.1394873457
142	0.1850861075	0.1223333333	0.1396061728
143	0.1850586374	0.1228888889	0.1399501543
144	0.1850431369	0.1231111111	0.1405983025
145	0.1850230868	0.123	0.1405890432
146	0.1849990156	0.1228888889	0.1406407407
147	0.1849775949	0.123	0.1409148148
148	0.1849433973	0.1236666667	0.141300463
149	0.184908688	0.1238888889	0.1413655864
150	0.1848884714	0.124	0.1415544753
151	0.1848536833	0.1237777778	0.1418535494
152	0.1848307353	0.1238888889	0.1415091049
153	0.1847907828	0.1236666667	0.1413067901
154	0.1847566836	0.1241111111	0.141612963
155	0.1847264589	0.1243333333	0.1419472222
156	0.1847024141	0.1245555556	0.1424472222
157	0.1846843354	0.1246666667	0.1428324074
158	0.1846650862	0.1244444444	0.1426009259
159	0.1846377347	0.1245555556	0.1429686728
160	0.1846068539	0.1244444444	0.1429030864
161	0.1845824528	0.1246666667	0.1428665123
162	0.1845550683	0.1245555556	0.1431628086
163	0.184514414	0.1251111111	0.1437334877
164	0.1844887893	0.1257777778	0.1442251543
165	0.1844752865	0.1257777778	0.1440399691
166	0.1844502268	0.1256666667	0.1438824074
167	0.1844106206	0.1255555556	0.1440212963
168	0.1843859365	0.1255555556	0.1440212963
169	0.184359266	0.1256666667	0.1439027778
170	0.1843268885	0.1257777778	0.1440166667
171	0.1842989527	0.1257777778	0.1444226852
172	0.1842673242	0.126	0.144137963
173	0.1842402092	0.126	0.1441814815
174	0.1842132307	0.1256666667	0.1441520062
175	0.1841795447	0.1261111111	0.1445259259
176	0.1841473631	0.1261111111	0.1445259259
177	0.1841253958	0.1262222222	0.1446305556
178	0.1841063837	0.1264444444	0.1444753086
179	0.1840837807	0.1262222222	0.1445166667
180	0.1840549937	0.1266666667	0.1454236111
181	0.1840333979	0.127	0.1456319444
182	0.1840026107	0.1272222222	0.1466882716
183	0.1839630748	0.1271111111	0.1466646605
184	0.1839420507	0.1268888889	0.1466777778
185	0.1839254157	0.1268888889	0.1466098765
186	0.1838990063	0.1277777778	0.1465395062
187	0.1838715266	0.1277777778	0.1465395062
188	0.1838487501	0.1275555556	0.1466265432
189	0.1838202	0.1281111111	0.1468466049
190	0.1837835629	0.1285555556	0.1472601852
191	0.1837581342	0.1282222222	0.1470084877
192	0.1837358274	0.1281111111	0.1470294753
193	0.1837082144	0.1282222222	0.1471723765
194	0.1836753762	0.1283333333	0.1472385802
195	0.1836549816	0.1285555556	0.1471728395
196	0.183636498	0.1284444444	0.1472412037
197	0.1836125841	0.1287777778	0.1477981481
198	0.1835899446	0.1286666667	0.1474794753
199	0.183555014	0.1294444444	0.1482256173
200	0.1835313905	0.1296666667	0.1482308642
201	0.1835051559	0.129	0.1477595679
202	0.1834835925	0.1297777778	0.1485804012
203	0.1834612877	0.1296666667	0.1485063272
204	0.183447666	0.1295555556	0.1485112654
205	0.183421512	0.1293333333	0.1483692901
206	0.1833981785	0.1296666667	0.1495231481
207	0.1833844146	0.13	0.1496962963
208	0.1833639023	0.1297777778	0.1498455247
209	0.1833336328	0.13	0.1499223765
210	0.1833009912	0.1298888889	0.1498006173
211	0.183280408	0.1298888889	0.1498052469
212	0.1832600165	0.1295555556	0.1494705247
213	0.1832309013	0.1297777778	0.1500689815
214	0.1832045661	0.1297777778	0.1498388889
215	0.183180948	0.1298888889	0.1502018519
216	0.1831577283	0.1302222222	0.1501496914
217	0.1831332289	0.1303333333	0.1502978395
218	0.1831057838	0.1304444444	0.1503283951
219	0.1830846422	0.1304444444	0.1502787037
220	0.1830611827	0.1306666667	0.1505112654
221	0.1830458228	0.1306666667	0.1508091049
222	0.1830216668	0.1306666667	0.1508177469
223	0.1830014188	0.1307777778	0.1511509259
224	0.1829772327	0.1311111111	0.1511283951
225	0.182962435	0.1308888889	0.151353858
226	0.1829351362	0.1308888889	0.1512063272
227	0.1829178534	0.1312222222	0.1513242284
228	0.1828896745	0.1311111111	0.1512205247
229	0.1828677071	0.1311111111	0.1512205247
230	0.182851104	0.131	0.1515959877
231	0.1828288483	0.1311111111	0.1516503086
232	0.1828105859	0.1313333333	0.151832716
233	0.1827923128	0.1315555556	0.1520320988
234	0.1827733379	0.1312222222	0.1517623457
235	0.1827483964	0.1313333333	0.1518820988
236	0.1827308523	0.1312222222	0.1518708333
237	0.1827091799	0.1312222222	0.1518078704
238	0.1826896662	0.1313333333	0.1518171296
239	0.182669428	0.1315555556	0.1519679012
240	0.1826456019	0.1315555556	0.152720216
241	0.1826289796	0.1315555556	0.1528304012
242	0.1826015673	0.1316666667	0.1530902778
243	0.1825670499	0.1318888889	0.1532557099
244	0.1825476238	0.132	0.1536969136
245	0.1825219399	0.132	0.153667284
246	0.1824999141	0.1321111111	0.153804321
247	0.1824774548	0.132	0.1536677469
248	0.1824537387	0.1325555556	0.1539864198
249	0.1824250099	0.1326666667	0.1542530864
250	0.1823934758	0.1327777778	0.1543097222
251	0.182378313	0.1331111111	0.1545381173
252	0.1823612404	0.133	0.1549364198
253	0.1823416341	0.1331111111	0.1550429012
254	0.1823246125	0.1336666667	0.1558384259
255	0.1823011616	0.1341111111	0.1560648148
256	0.1822771728	0.1336666667	0.156212963
257	0.1822538175	0.1336666667	0.1563101852
258	0.1822343452	0.1345555556	0.1566578704
259	0.1822176267	0.1345555556	0.1564248457
260	0.1821851007	0.1344444444	0.1563300926
261	0.1821636145	0.1346666667	0.1565375
262	0.1821447766	0.1347777778	0.1568606481
263	0.1821291366	0.1346666667	0.1566141975
264	0.1821078137	0.1346666667	0.1565888889
265	0.1820774793	0.1346666667	0.156929321
266	0.1820616628	0.1347777778	0.1570257716
267	0.182039797	0.135	0.1573550926
268	0.1820204993	0.1353333333	0.1574822531
269	0.1820000612	0.1355555556	0.1576700617
270	0.1819776962	0.1353333333	0.1576
271	0.1819635022	0.1354444444	0.157587037
272	0.181949226	0.1354444444	0.158099537
273	0.1819263483	0.1355555556	0.1586027778
274	0.1819052049	0.1356666667	0.1587893519
275	0.1818893829	0.1357777778	0.1591939815
276	0.1818676742	0.136	0.159712963
277	0.1818519587	0.1362222222	0.1597777778
278	0.1818293365	0.1362222222	0.159649537
279	0.1818037287	0.1367777778	0.160291821
280	0.181777569	0.1368888889	0.1605131173
281	0.1817573744	0.137	0.1605242284
282	0.1817447749	0.1372222222	0.1606233025
283	0.1817235948	0.1372222222	0.1606887346
284	0.1816979596	0.137	0.1606328704
285	0.1816686412	0.1374444444	0.1608785494
286	0.1816487088	0.1373333333	0.1613594136
287	0.1816234416	0.1374444444	0.1610445988
288	0.1815993517	0.1378888889	0.1610671296
289	0.1815846861	0.1381111111	0.1614189815
290	0.1815670914	0.1382222222	0.1615467593
291	0.1815465633	0.1385555556	0.1619390432
292	0.1815269574	0.1387777778	0.1620933642
293	0.181507385	0.1385555556	0.1621560185
294	0.181482438	0.1386666667	0.1623208333
295	0.1814633324	0.1386666667	0.1629092593
296	0.1814331282	0.1386666667	0.1629660494
297	0.1814172211	0.1385555556	0.162957716
298	0.1813969803	0.1387777778	0.1632358025
299	0.1813733587	0.1386666667	0.1632216049
300	0.1813431852	0.1391111111	0.1633006173
301	0.1813282346	0.1393333333	0.1637361111
302	0.1813075018	0.1393333333	0.164583179
303	0.1812936462	0.1391111111	0.164308642
304	0.181280624	0.1394444444	0.1647780864
305	0.1812615682	0.1391111111	0.1644225309
306	0.1812467749	0.1392222222	0.1644123457
307	0.1812256703	0.1395555556	0.164633642
308	0.1812109033	0.1397777778	0.1648280864
309	0.1811913629	0.1396666667	0.1646753086
310	0.1811741	0.1401111111	0.1645688272
311	0.1811527314	0.14	0.1646549383
312	0.181138207	0.1405555556	0.1653688272
313	0.1811171494	0.1406666667	0.1655530864
314	0.1810994237	0.1408888889	0.1657030864
315	0.1810873106	0.141	0.1659382716
316	0.1810638462	0.1411111111	0.1659419753
317	0.1810439057	0.1412222222	0.1659716049
318	0.1810269	0.1408888889	0.1658117284
319	0.1810098876	0.1406666667	0.1661496914
320	0.1809994372	0.1412222222	0.1664862654
321	0.1809745408	0.1414444444	0.1667436728
322	0.1809541857	0.1414444444	0.166870216
323	0.1809376444	0.1411111111	0.1668186728
324	0.1809268337	0.1411111111	0.1665242284
325	0.1809082085	0.1414444444	0.1666316358
326	0.1808908048	0.142	0.1670640432
327	0.1808775597	0.1421111111	0.1671177469
328	0.1808638653	0.1423333333	0.1674260802
329	0.1808454849	0.1425555556	0.167583642
330	0.1808410448	0.1425555556	0.1676746914
331	0.1808212957	0.1427777778	0.1677712963
332	0.1808025299	0.1428888889	0.1678560185
333	0.1807886884	0.1427777778	0.1680958333
334	0.1807652031	0.1427777778	0.1681037037
335	0.180752707	0.1428888889	0.1680614198
336	0.1807357329	0.143	0.1677725309
337	0.1807203675	0.1433333333	0.1680063272
338	0.180706967	0.1433333333	0.1683057099
339	0.180684849	0.1433333333	0.1681359568
340	0.1806662978	0.144	0.1688976852
341	0.1806472083	0.1441111111	0.169104321
342	0.1806295091	0.1441111111	0.1690888889
343	0.1806024578	0.1442222222	0.1691925926
344	0.180583721	0.1442222222	0.1691185185
345	0.1805693983	0.1443333333	0.1692356481
346	0.1805552824	0.1444444444	0.169274537
347	0.1805334258	0.1443333333	0.1689881173
348	0.1805237848	0.1443333333	0.1689881173
349	0.1805085122	0.1445555556	0.169133179
350	0.1804797439	0.1445555556	0.1690498457
351	0.1804598527	0.1447777778	0.1692183642
352	0.1804504462	0.145	0.1692739198
353	0.1804339941	0.1451111111	0.1701319444
354	0.180420216	0.1451111111	0.1702955247
355	0.1803932143	0.1452222222	0.1703399691
356	0.1803721862	0.1452222222	0.1705220679
357	0.1803588897	0.1451111111	0.1705810185
358	0.1803397262	0.1452222222	0.1706652778
359	0.1803225426	0.1454444444	0.1711671296
360	0.1803026424	0.1452222222	0.1710912037
361	0.1802878412	0.1453333333	0.1710822531
362	0.1802677645	0.1454444444	0.1711359568
363	0.1802442207	0.1454444444	0.1710692901
364	0.1802218462	0.1455555556	0.1712865741
365	0.1801948839	0.1456666667	0.1716550926
366	0.1801811992	0.1455555556	0.171654784
367	0.1801739626	0.1456666667	0.1719498457
368	0.180160267	0.1457777778	0.172395216
369	0.1801432314	0.1458888889	0.1726165123
370	0.1801299825	0.1458888889	0.1723220679
371	0.1801133895	0.1456666667	0.1719541667
372	0.1801014762	0.1456666667	0.1725634259
373	0.1800845969	0.1457777778	0.1726035494
374	0.1800721721	0.1458888889	0.1726634259
375	0.1800585245	0.1457777778	0.1724597222
376	0.1800427367	0.1456666667	0.1725800926
377	0.180030056	0.1456666667	0.1725671296
378	0.1800133037	0.1455555556	0.172382716
379	0.1799985468	0.1456666667	0.1724665123
380	0.1799780513	0.1456666667	0.1722533951
381	0.1799561285	0.146	0.172854321
382	0.1799365355	0.1463333333	0.1729390432
383	0.179911144	0.1463333333	0.172908179
384	0.1798993197	0.1464444444	0.1734131173
385	0.1798841871	0.1465555556	0.1734705247
386	0.1798721199	0.1467777778	0.1737445988
387	0.1798537671	0.147	0.1738402778
388	0.1798357735	0.1467777778	0.1738800926
389	0.1798255041	0.1467777778	0.1737813272
390	0.1798203189	0.1468888889	0.1737535494
391	0.1798023405	0.1468888889	0.1738554012
392	0.1797916882	0.1472222222	0.173908179
393	0.1797676793	0.1472222222	0.1741094136
394	0.1797520356	0.1472222222	0.174266821
395	0.1797401863	0.1471111111	0.1742695988
396	0.1797224704	0.1473333333	0.1744195988
397	0.1797103848	0.1473333333	0.1740024691
398	0.1796972633	0.1472222222	0.1740950617
399	0.1796822036	0.1471111111	0.1740970679
400	0.1796719901	0.147	0.1739834877
401	0.1796671188	0.1468888889	0.1738501543
402	0.179653015	0.1472222222	0.174053858
403	0.179639847	0.1474444444	0.1742859568
404	0.1796214569	0.1477777778	0.1747549383
405	0.1796029975	0.1475555556	0.1745361111
406	0.1795842172	0.1476666667	0.1749262346
407	0.1795680048	0.1476666667	0.1750527778
408	0.1795511857	0.1476666667	0.1750405864
409	0.1795360793	0.1478888889	0.1753399691
410	0.1795217221	0.1482222222	0.1759180556
411	0.1795012004	0.148	0.1757009259
412	0.1794790418	0.1482222222	0.1757429012
413	0.17946774	0.1483333333	0.175708642
414	0.1794573059	0.1481111111	0.1758317901
415	0.1794404743	0.1481111111	0.1759564815
416	0.1794226741	0.148	0.1758898148
417	0.1793951791	0.1482222222	0.1761694444
418	0.1793788124	0.1482222222	0.1761496914
419	0.1793683527	0.1478888889	0.1759391975
420	0.1793593513	0.148	0.1758274691
421	0.1793537096	0.1483333333	0.1757219136
422	0.1793332286	0.1483333333	0.1757219136
423	0.1793103231	0.1482222222	0.1756265432
424	0.1792938832	0.1481111111	0.1756302469
425	0.1792850558	0.1481111111	0.1756501543
426	0.1792719653	0.148	0.1754569444
427	0.1792619078	0.1484444444	0.1759458333
428	0.179243662	0.1486666667	0.1760421296
429	0.1792259768	0.149	0.1766530864
430	0.1792107249	0.1491111111	0.1770003086
431	0.1791965219	0.1492222222	0.1775217593
432	0.179180802	0.1492222222	0.1776234568
433	0.1791649441	0.1493333333	0.1776234568
434	0.1791494045	0.1496666667	0.1784662037
435	0.1791264378	0.1497777778	0.1784078704
436	0.1791095204	0.1497777778	0.1784638889
437	0.1791005004	0.1498888889	0.1785850309
438	0.1790858558	0.1505555556	0.1788304012
439	0.1790756247	0.1504444444	0.1789243827
440	0.1790609268	0.1503333333	0.1790378086
441	0.1790416081	0.1505555556	0.179204321
442	0.1790279807	0.1505555556	0.1794691358
443	0.179014521	0.1506666667	0.1795432099
444	0.1789976878	0.1508888889	0.1794567901
445	0.1789871864	0.1508888889	0.1794753086
446	0.1789767105	0.1508888889	0.1800776235
447	0.1789663604	0.1512222222	0.1804334877
448	0.1789464501	0.1513333333	0.1803899691
449	0.1789342553	0.1512222222	0.1804273148
450	0.1789176437	0.1515555556	0.1807662037
451	0.1789037544	0.1515555556	0.1807472222
452	0.1788914454	0.1515555556	0.1807462963
453	0.1788819727	0.1514444444	0.1804044753
454	0.1788716154	0.1515555556	0.1806373457
455	0.1788562957	0.1514444444	0.1806188272
456	0.1788436613	0.1515555556	0.1805016975
457	0.1788290862	0.1515555556	0.1805958333
458	0.1788142036	0.1515555556	0.1806347222
459	0.1787968875	0.1514444444	0.1805958333
460	0.1787746898	0.1516666667	0.1808143519
461	0.1787608544	0.1515555556	0.1806884259
462	0.1787436971	0.1512222222	0.1805861111
463	0.178730487	0.1514444444	0.180682716
464	0.1787274273	0.1514444444	0.1807429012
465	0.1787089675	0.1516666667	0.1810239198
466	0.1786940937	0.1516666667	0.1809790123
467	0.1786817092	0.1518888889	0.1814316358
468	0.1786647258	0.1523333333	0.1820908951
469	0.1786453056	0.1524444444	0.1824578704
470	0.1786364963	0.1525555556	0.1825260802
471	0.1786202609	0.1527777778	0.1826233025
472	0.1786110594	0.1528888889	0.1827087963
473	0.1785984434	0.1531111111	0.1828739198
474	0.1785904681	0.1531111111	0.1829751543
475	0.1785740122	0.1531111111	0.1830140432
476	0.1785578031	0.153	0.1829817901
477	0.1785513849	0.1532222222	0.1833308642
478	0.1785328485	0.1532222222	0.1834021605
479	0.1785234474	0.1533333333	0.1834808642
480	0.1785147609	0.1534444444	0.1834850309
481	0.1785028004	0.1533333333	0.1834214506
482	0.178492635	0.1533333333	0.1834075617
483	0.1784806382	0.1533333333	0.1832705247
484	0.1784722403	0.1534444444	0.1834725309
485	0.1784574306	0.1535555556	0.1836155864
486	0.1784433404	0.1538888889	0.1844010802
487	0.1784305423	0.1542222222	0.1846177469
488	0.1784209476	0.1542222222	0.1845765432
489	0.1784075535	0.1542222222	0.184854321
490	0.1783955615	0.1538888889	0.1845415123
491	0.178378012	0.1537777778	0.1843785494
492	0.1783664364	0.1538888889	0.1844970679
493	0.1783522686	0.154	0.1845554012
494	0.1783410277	0.1537777778	0.184291821
495	0.1783312092	0.1538888889	0.1843242284
496	0.1783204396	0.1538888889	0.1843408951
497	0.1783018093	0.1538888889	0.1843408951
498	0.178288894	0.1538888889	0.1843964506
499	0.178280774	0.1538888889	0.1845546296
500	0.1782709979	0.1538888889	0.1845083333
501	0.1782601773	0.1541111111	0.1844932099
502	0.1782494852	0.1542222222	0.1846802469
503	0.1782482155	0.1543333333	0.1848654321
504	0.1782404087	0.1545555556	0.1849645062
505	0.1782279801	0.1544444444	0.1848348765
506	0.1782169688	0.1544444444	0.1848436728
507	0.1782028945	0.1545555556	0.1852683642
508	0.1781899709	0.1546666667	0.1853878086
509	0.1781733398	0.155	0.1855322531
510	0.1781568219	0.1547777778	0.1853248457
511	0.1781446134	0.1546666667	0.1852229938
512	0.1781332908	0.1547777778	0.1854396605
513	0.1781195694	0.1545555556	0.1853723765
514	0.1781077419	0.1545555556	0.1854813272
515	0.1781001971	0.1546666667	0.1856020062
516	0.1780831003	0.1545555556	0.1855625
517	0.1780699767	0.1545555556	0.1856658951
518	0.1780547607	0.1546666667	0.1856933642
519	0.1780472717	0.1546666667	0.1857304012
520	0.1780373473	0.1548888889	0.1859958333
521	0.1780263211	0.1551111111	0.1859541667
522	0.1780166325	0.1551111111	0.1860097222
523	0.1780117746	0.1551111111	0.1861171296
524	0.1780048256	0.1551111111	0.1861714506
525	0.1779923118	0.1554444444	0.186478858
526	0.1779780206	0.1554444444	0.186728858
527	0.1779669496	0.1553333333	0.1866955247
528	0.1779509257	0.155	0.1867575617
529	0.1779361959	0.1552222222	0.1868322531
530	0.1779256699	0.1553333333	0.1868859568
531	0.1779090962	0.1555555556	0.1871998457
532	0.1778942912	0.1555555556	0.1871549383
533	0.1778807057	0.1553333333	0.187170679
534	0.1778681284	0.1553333333	0.1872212963
535	0.1778567034	0.1555555556	0.1873509259
536	0.1778439707	0.1553333333	0.1871990741
537	0.1778276014	0.1555555556	0.1874027778
538	0.1778169051	0.1556666667	0.1874296296
539	0.1778036264	0.1556666667	0.1873768519
540	0.1777974213	0.1554444444	0.1872984568
541	0.1777873114	0.1554444444	0.1873049383
542	0.1777760622	0.1553333333	0.1872123457
543	0.1777521307	0.1553333333	0.1871103395
544	0.1777390571	0.1554444444	0.1871103395
545	0.1777290344	0.1552222222	0.1869890432
546	0.1777182263	0.1555555556	0.1874575617
547	0.1777037997	0.1555555556	0.1874575617
548	0.1776953149	0.1556666667	0.1874964506
549	0.1776815843	0.156	0.1876992284
550	0.1776724167	0.1558888889	0.1876325617
551	0.177666181	0.156	0.1877381173
552	0.1776507615	0.1561111111	0.1877226852
553	0.1776374486	0.1563333333	0.1878773148
554	0.1776245587	0.1563333333	0.1878657407
555	0.1776155097	0.1563333333	0.1878189815
556	0.177605573	0.1562222222	0.1877967593
557	0.1775906607	0.1562222222	0.1878157407
558	0.1775796726	0.1563333333	0.1878361111
559	0.1775605427	0.1563333333	0.1878472222
560	0.1775449217	0.1564444444	0.1878953704
561	0.1775299189	0.1565555556	0.1880546296
562	0.177515197	0.1564444444	0.1879564815
563	0.1774954082	0.1567777778	0.1882
564	0.177480036	0.157	0.1881412037
565	0.1774649363	0.1567777778	0.1880763889
566	0.1774439494	0.1568888889	0.188200463
567	0.1774313902	0.1567777778	0.1881166667
568	0.1774176842	0.1568888889	0.1884064815
569	0.177403039	0.157	0.1884941358
570	0.1773954356	0.1568888889	0.1884219136
571	0.1773890848	0.1567777778	0.188417284
572	0.1773757098	0.1568888889	0.1884111111
573	0.1773581259	0.1567777778	0.1883415123
574	0.1773506282	0.1566666667	0.1884098765
575	0.1773398894	0.1567777778	0.1884430556
576	0.1773299644	0.1567777778	0.1884708333
577	0.1773158918	0.157	0.1886912037
578	0.1773019301	0.1572222222	0.1889134259
579	0.1772884157	0.1573333333	0.1889407407
580	0.1772812277	0.1573333333	0.1890858025
581	0.1772709512	0.1575555556	0.1892067901
582	0.1772558464	0.158	0.1894830247
583	0.1772370147	0.1581111111	0.1896057099
584	0.1772231049	0.158	0.1894649691
585	0.1772085846	0.1578888889	0.1892368827
586	0.1771969179	0.1578888889	0.1892368827
587	0.1771857464	0.1578888889	0.1894544753
588	0.1771743668	0.1577777778	0.1893814815
589	0.1771554187	0.1576666667	0.1891654321
590	0.1771431175	0.1577777778	0.1896817901
591	0.1771329377	0.1577777778	0.1897169753
592	0.1771163565	0.1577777778	0.189583642
593	0.1771034145	0.1577777778	0.1895794753
594	0.1770942386	0.158	0.1896072531
595	0.1770827955	0.1581111111	0.1899313272
596	0.1770694756	0.1582222222	0.1899405864
597	0.1770554427	0.1581111111	0.1902572531
598	0.1770429906	0.1582222222	0.1905609568
599	0.1770314715	0.1581111111	0.1904128086
600	0.177018339	0.1582222222	0.1903285494
601	0.1770097273	0.158	0.1902540123
602	0.1770019664	0.158	0.190245679
603	0.1769908136	0.1581111111	0.1905780864
604	0.1769826187	0.158	0.1901601852
605	0.1769688914	0.1582222222	0.1902558642
606	0.1769534151	0.1581111111	0.1904638889
607	0.1769418426	0.1581111111	0.1904898148
608	0.1769374641	0.1582222222	0.1905530864
609	0.1769227978	0.1582222222	0.1905253086
610	0.1769086865	0.1581111111	0.1908189815
611	0.1769005334	0.1581111111	0.1903523148
612	0.1768857936	0.158	0.1903189815
613	0.1768719113	0.1582222222	0.1906694444
614	0.1768625336	0.1582222222	0.190687963
615	0.1768564444	0.1581111111	0.1903314815
616	0.1768457437	0.1578888889	0.1901820988
617	0.1768324011	0.1578888889	0.1902021605
618	0.1768187569	0.1581111111	0.1904817901
619	0.1768071956	0.1581111111	0.1904317901
620	0.1767928157	0.1584444444	0.1907753086
621	0.1767792867	0.1584444444	0.1908058642
622	0.1767740926	0.1582222222	0.1905780864
623	0.1767610087	0.1583333333	0.1906128086
624	0.1767479118	0.1584444444	0.1907276235
625	0.1767396592	0.1584444444	0.1907276235
626	0.176727085	0.1586666667	0.1909137346
627	0.1767148968	0.1585555556	0.1909035494
628	0.1766972921	0.1587777778	0.1911554012
629	0.1766832937	0.1587777778	0.1911953704
630	0.1766712842	0.1587777778	0.1914608025
631	0.1766622637	0.1588888889	0.191437037
632	0.1766471719	0.1587777778	0.191312963
633	0.1766338988	0.1593333333	0.191562963
634	0.1766237146	0.1591111111	0.1914589506
635	0.1766106826	0.159	0.1913385802
636	0.1765950957	0.1588888889	0.1913580247
637	0.1765847582	0.159	0.1919524691
638	0.1765737007	0.159	0.1919709877
639	0.1765604684	0.1588888889	0.191904321
640	0.176539364	0.1586666667	0.1919117284
641	0.1765290286	0.1588888889	0.1917740741
642	0.1765169677	0.1588888889	0.1917572531
643	0.1765051644	0.1586666667	0.1918453704
644	0.1764965228	0.1587777778	0.192008179
645	0.1764886619	0.159	0.192112037
646	0.1764756996	0.1591111111	0.1923527778
647	0.1764646152	0.1591111111	0.1926398148
648	0.1764510591	0.1591111111	0.1927898148
649	0.1764344617	0.1592222222	0.1927503086
650	0.1764234974	0.1592222222	0.1927246914
651	0.1764135856	0.1592222222	0.1933314815
652	0.1764018332	0.1593333333	0.1933970679
653	0.1763911502	0.1593333333	0.1932737654
654	0.1763836907	0.1592222222	0.1931339506
655	0.1763755153	0.1593333333	0.1932978395
656	0.1763641764	0.1593333333	0.1934560185
657	0.1763556789	0.1598888889	0.1936092593
658	0.1763431505	0.16	0.1936069444
659	0.1763303867	0.1602222222	0.1937597222
660	0.1763240704	0.1603333333	0.1939643519
661	0.1763160253	0.1603333333	0.1940921296
662	0.1762985868	0.1601111111	0.1940936728
663	0.1762920455	0.1601111111	0.193991821
664	0.1762805585	0.1604444444	0.1941384259
665	0.1762710501	0.1604444444	0.1942520062
666	0.1762641448	0.1606666667	0.1945575617
667	0.1762550236	0.1607777778	0.1945655864
668	0.1762452792	0.1606666667	0.1945557099
669	0.1762320251	0.1604444444	0.1945430556
670	0.1762200389	0.1605555556	0.1945083333
671	0.1761936628	0.1606666667	0.1942604938
672	0.1761809116	0.1607777778	0.1943660494
673	0.176170412	0.1611111111	0.194575463
674	0.1761579352	0.1612222222	0.1947990741
675	0.1761436595	0.1614444444	0.1947574074
676	0.1761330373	0.1616666667	0.1949222222
677	0.1761243732	0.1613333333	0.1951185185
678	0.1761110503	0.1613333333	0.1951410494
679	0.1761010754	0.1612222222	0.1952521605
680	0.1760908994	0.1612222222	0.1956169753
681	0.1760802389	0.1611111111	0.1955845679
682	0.1760677578	0.1613333333	0.1953898148
683	0.1760631798	0.1612222222	0.1953916667
684	0.1760555179	0.1611111111	0.1953694444
685	0.176044743	0.1608888889	0.195212037
686	0.176031752	0.1611111111	0.1953564815
687	0.1760228669	0.1611111111	0.195595679
688	0.1760181747	0.1611111111	0.195570679
689	0.1760094581	0.1608888889	0.1956285494
690	0.175995918	0.1611111111	0.1956966049
691	0.1759823081	0.1612222222	0.195671142
692	0.1759719532	0.1613333333	0.195695216
693	0.1759627408	0.1612222222	0.1955458333
694	0.1759543638	0.1613333333	0.1955865741
695	0.1759526964	0.1613333333	0.1957162037
696	0.1759364074	0.1614444444	0.1959597222
697	0.1759229817	0.1616666667	0.1960300926
698	0.1759108819	0.1615555556	0.1959856481
699	0.1759021445	0.1617777778	0.1961953704
700	0.175891884	0.1615555556	0.1959898148
701	0.1758818345	0.1616666667	0.1960444444
702	0.1758663086	0.1616666667	0.1960703704
703	0.1758566969	0.1615555556	0.1960675926
704	0.1758448199	0.1614444444	0.1959787037
705	0.1758306555	0.1612222222	0.1959308642
706	0.17582064	0.1612222222	0.1959308642
707	0.1758137042	0.1613333333	0.1959910494
708	0.1758017017	0.1612222222	0.1960192901
709	0.1758000816	0.1612222222	0.1960239198
710	0.1757868841	0.1612222222	0.1959816358
711	0.1757736669	0.1613333333	0.1962063272
712	0.1757627814	0.1615555556	0.1962415123
713	0.175751201	0.1614444444	0.196233179
714	0.1757393262	0.1613333333	0.1961094136
715	0.1757203223	0.1613333333	0.1961649691
716	0.1757135508	0.1613333333	0.1961742284
717	0.1757066528	0.1614444444	0.1961677469
718	0.1756910675	0.1614444444	0.1961862654
719	0.1756809278	0.1614444444	0.1961862654
720	0.1756579009	0.1615555556	0.1964084877
721	0.1756472022	0.1614444444	0.1964208333
722	0.1756305373	0.1614444444	0.1965736111
723	0.1756121136	0.1615555556	0.196653858
724	0.1756046821	0.1617777778	0.1967550926
725	0.1755957299	0.1615555556	0.1967625
726	0.1755873461	0.1618888889	0.1969325617
727	0.175567197	0.1613333333	0.1965316358
728	0.1755566658	0.1612222222	0.1965334877
729	0.1755476028	0.1613333333	0.196633179
730	0.175522528	0.1615555556	0.1967742284
731	0.1755099883	0.1615555556	0.1966862654
732	0.1754961698	0.1615555556	0.1967371914
733	0.1754866437	0.1616666667	0.1968032407
734	0.1754768071	0.1621111111	0.1972958333
735	0.1754575221	0.162	0.1971384259
736	0.1754373899	0.1618888889	0.1970282407
737	0.1754239057	0.1621111111	0.1972199074
738	0.1754083733	0.1617777778	0.1970932099
739	0.1753921809	0.1626666667	0.1976828704
740	0.1753827956	0.1624444444	0.1975328704
741	0.1753721789	0.1621111111	0.1976319444
742	0.1753584047	0.1618888889	0.1974606481
743	0.1753503277	0.1621111111	0.1977421296
744	0.1753348454	0.1624444444	0.1980186728
745	0.1753269714	0.1624444444	0.1980867284
746	0.1753147245	0.1623333333	0.1980302469
747	0.1752986804	0.1623333333	0.1980895062
748	0.1752869079	0.162	0.1980256173
749	0.1752785601	0.1621111111	0.1979748457
750	0.1752713877	0.1624444444	0.1981378086
751	0.1752475169	0.1625555556	0.1982507716
752	0.1752369484	0.1626666667	0.1984341049
753	0.1752268011	0.163	0.1986773148
754	0.175217399	0.163	0.1988162037
755	0.1752081662	0.1628888889	0.1988186728
756	0.1752040947	0.1628888889	0.1988020062
757	0.1751858147	0.163	0.1988907407
758	0.1751762919	0.1627777778	0.1988015432
759	0.1751649728	0.1627777778	0.1987459877
760	0.1751534083	0.1627777778	0.1987601852
761	0.1751434021	0.1628888889	0.1989929012
762	0.1751359718	0.1631111111	0.1992015432
763	0.1751288226	0.1633333333	0.1989487654
764	0.1751163144	0.1632222222	0.1988817901
765	0.1751109271	0.1633333333	0.1989447531
766	0.1751030066	0.1631111111	0.1990887346
767	0.1750926803	0.1631111111	0.199054784
768	0.1750828716	0.1633333333	0.1990998457
769	0.1750724673	0.1633333333	0.1988300926
770	0.1750582437	0.1633333333	0.1988300926
771	0.1750420163	0.1633333333	0.198546142
772	0.1750338735	0.1633333333	0.1986016975
773	0.1750178841	0.1633333333	0.1984859568
774	0.1750031967	0.1632222222	0.1986174383
775	0.1749923811	0.1633333333	0.1988155864
776	0.1749863583	0.1634444444	0.1989007716
777	0.1749753443	0.1637777778	0.1990266975
778	0.1749649303	0.1635555556	0.1994958333
779	0.1749559566	0.1637777778	0.1995955247
780	0.17494875	0.1638888889	0.1997375
781	0.1749424214	0.1637777778	0.1998412037
782	0.17493241	0.164	0.200049537
783	0.1749208544	0.1638888889	0.1999018519
784	0.174916786	0.1637777778	0.1998351852
785	0.1749071301	0.1637777778	0.1998287037
786	0.1749019988	0.1638888889	0.1997990741
787	0.1748894969	0.1638888889	0.1998688272
788	0.1748785108	0.1638888889	0.1998595679
789	0.1748687321	0.1641111111	0.1999799383
790	0.1748594939	0.1641111111	0.2001864198
791	0.174845722	0.1641111111	0.2000228395
792	0.1748393209	0.1641111111	0.2001969136
793	0.1748287303	0.1643333333	0.2002401235
794	0.1748194091	0.1643333333	0.200345679
795	0.174809545	0.1645555556	0.2005179012
796	0.1748006793	0.1646666667	0.200608179
797	0.1747826472	0.1646666667	0.2008790123
798	0.1747719644	0.165	0.2009353395
799	0.1747671541	0.1648888889	0.2009307099
800	0.1747588363	0.1648888889	0.200954784
801	0.1747507757	0.1647777778	0.2010033951
802	0.1747377886	0.1644444444	0.200928858
803	0.1747259246	0.165	0.201254784
804	0.1747081002	0.1651111111	0.2014344136
805	0.1746977155	0.1651111111	0.2014344136
806	0.1746847016	0.165	0.2013853395
807	0.1746671595	0.1651111111	0.2014316358
808	0.1746523998	0.1651111111	0.2014779321
809	0.1746469138	0.165	0.2014334877
810	0.1746405425	0.165	0.2014932099
811	0.1746333589	0.1652222222	0.2017682099
812	0.1746282707	0.1653333333	0.2018959877
813	0.1746190837	0.1653333333	0.2018902778
814	0.1746087523	0.1654444444	0.2016805556
815	0.1745994485	0.1654444444	0.2017705247
816	0.17458199	0.1654444444	0.2017705247
817	0.1745708445	0.1656666667	0.201854784
818	0.1745596951	0.166	0.2022294753
819	0.1745478816	0.1657777778	0.2021239198
820	0.1745409363	0.166	0.2022322531
821	0.1745302684	0.1658888889	0.2022808642
822	0.1745176156	0.1657777778	0.2022546296
823	0.1745056195	0.1657777778	0.2021984568
824	0.1744978071	0.1657777778	0.2021984568
825	0.1744881813	0.1658888889	0.2023354938
826	0.1744780172	0.1658888889	0.2023447531
827	0.1744675513	0.1657777778	0.2022123457
828	0.174449141	0.1657777778	0.2021382716
829	0.1744361163	0.1655555556	0.2020910494
830	0.1744269652	0.1656666667	0.2021299383
831	0.1744170222	0.1658888889	0.2022516975
832	0.1744090357	0.1658888889	0.2022697531
833	0.1744008354	0.1663333333	0.2026717593
834	0.1743899497	0.1663333333	0.2027143519
835	0.1743800866	0.1665555556	0.2029273148
836	0.1743708117	0.1665555556	0.2028884259
837	0.1743634418	0.1665555556	0.203170216
838	0.1743556159	0.1666666667	0.2035021605
839	0.1743448021	0.1664444444	0.2032947531
840	0.1743364156	0.1664444444	0.2033993827
841	0.1743287084	0.1664444444	0.2035354938
842	0.174319214	0.1664444444	0.2034740741
843	0.1743130101	0.1666666667	0.2036347222
844	0.1743041741	0.1666666667	0.203732716
845	0.174295518	0.1665555556	0.2037785494
846	0.174284681	0.1667777778	0.2040540123
847	0.1742763162	0.1667777778	0.2041532407
848	0.1742620324	0.1667777778	0.204191821
849	0.1742430441	0.1666666667	0.2039149691
850	0.1742264434	0.1668888889	0.2040314815
851	0.1742231566	0.1668888889	0.2040487654
852	0.1742146299	0.167	0.204212963
853	0.1742034359	0.1668888889	0.2041222222
854	0.1741921266	0.1671111111	0.2043138889
855	0.1741870653	0.1672222222	0.2043884259
856	0.1741812464	0.1672222222	0.204312963
857	0.1741632004	0.1672222222	0.2043595679
858	0.1741545181	0.1668888889	0.2041688272
859	0.1741439988	0.1668888889	0.2043
860	0.1741362889	0.1667777778	0.2041833333
861	0.174127363	0.1665555556	0.2040024691
862	0.174115477	0.1667777778	0.2042765432
863	0.1741007129	0.1672222222	0.2043722222
864	0.1740925978	0.1674444444	0.2044648148
865	0.1740809621	0.1678888889	0.2048003086
866	0.1740721959	0.168	0.2049740741
867	0.174061277	0.1678888889	0.2053635802
868	0.1740465853	0.1676666667	0.2052864198
869	0.1740332625	0.1676666667	0.2049802469
870	0.1740190924	0.1677777778	0.2050373457
871	0.1740093461	0.1676666667	0.2050766975
872	0.1740023232	0.1677777778	0.2050137346
873	0.1739973869	0.1677777778	0.2052050926
874	0.1739877119	0.1674444444	0.2049165123
875	0.1739759385	0.1674444444	0.2048757716
876	0.1739716729	0.1674444444	0.2048757716
877	0.1739561274	0.1675555556	0.2048828704
878	0.1739435947	0.1676666667	0.2050828704
879	0.1739335229	0.1674444444	0.2051236111
880	0.1739200711	0.1676666667	0.2055916667
881	0.1739127237	0.1677777778	0.2056101852
882	0.1739016593	0.1677777778	0.2058058642
883	0.1738924536	0.168	0.2058429012
884	0.1738817415	0.1681111111	0.2059688272
885	0.173864257	0.1681111111	0.2060359568
886	0.1738483896	0.1681111111	0.2060563272
887	0.1738398957	0.1681111111	0.2060532407
888	0.1738313303	0.1681111111	0.2060587963
889	0.1738205252	0.1681111111	0.2058998457
890	0.1738113729	0.1682222222	0.2060395062
891	0.1738027731	0.1683333333	0.2064859568
892	0.1737954344	0.1682222222	0.2064427469
893	0.1737836775	0.1678888889	0.2066313272
894	0.1737729734	0.1681111111	0.2068026235
895	0.173762914	0.168	0.206833179
896	0.1737502821	0.1681111111	0.2068239198
897	0.17373895	0.1682222222	0.2067544753
898	0.1737287294	0.1682222222	0.2068270062
899	0.1737198736	0.1685555556	0.2070640432
900	0.1737114119	0.1682222222	0.2068473765
901	0.1737061064	0.1681111111	0.2068149691
902	0.1736995822	0.1681111111	0.2068847222
903	0.1736893917	0.1683333333	0.2070217593
904	0.1736777664	0.1685555556	0.2071439815
905	0.1736711035	0.1691111111	0.2075094136
906	0.1736630515	0.169	0.2073057099
907	0.1736547779	0.169	0.2074319444
908	0.1736452222	0.169	0.2072949074
909	0.173635596	0.1692222222	0.2074054012
910	0.1736302529	0.1691111111	0.2074063272
911	0.1736186666	0.1692222222	0.2074285494
912	0.1736038036	0.1692222222	0.2074285494
913	0.1735912775	0.1687777778	0.2072699074
914	0.1735810975	0.1687777778	0.2072587963
915	0.173572197	0.1688888889	0.2074162037
916	0.1735652271	0.1687777778	0.2074013889
917	0.1735507624	0.169	0.2075603395
918	0.1735454875	0.1691111111	0.207603858
919	0.1735381129	0.169	0.2077774691
920	0.1735265279	0.1692222222	0.2081052469
921	0.173519436	0.1692222222	0.2083996914
922	0.1735133235	0.1692222222	0.208342284
923	0.1735043059	0.1692222222	0.2084839506
924	0.1734966498	0.1691111111	0.2083580247
925	0.1734819288	0.169	0.2085169753
926	0.1734754785	0.1691111111	0.2086419753
927	0.1734682876	0.1692222222	0.2085864198
928	0.1734572466	0.1693333333	0.2086771605
929	0.1734436144	0.1693333333	0.2086256173
930	0.1734319552	0.1692222222	0.2086862654
931	0.1734228982	0.1694444444	0.2086154321
932	0.173412436	0.1694444444	0.2087635802
933	0.1734007748	0.1695555556	0.2091023148
934	0.1733924157	0.1696666667	0.2092041667
935	0.1733814708	0.1692222222	0.2089509259
936	0.1733755452	0.1693333333	0.2093175926
937	0.1733649617	0.1695555556	0.2092027778
938	0.1733483586	0.1696666667	0.2092166667
939	0.1733387814	0.1698888889	0.2093033951
940	0.1733309029	0.1698888889	0.209317284
941	0.1733289913	0.17	0.209412963
942	0.1733210525	0.17	0.2094932099
943	0.173307278	0.1702222222	0.2094458333
944	0.1732996468	0.1702222222	0.2094921296
945	0.1732940542	0.1704444444	0.2096964506
946	0.1732835714	0.1707777778	0.2099348765
947	0.1732748566	0.1706666667	0.2096459877
948	0.1732673738	0.1707777778	0.2096564815
949	0.1732507113	0.171	0.2099708333
950	0.1732401945	0.1705555556	0.2098686728
951	0.1732399646	0.1705555556	0.2098686728
952	0.1732309574	0.1711111111	0.2105308642
953	0.1732190473	0.171	0.2103762346
954	0.1732066664	0.1708888889	0.2102509259
955	0.1731975684	0.1711111111	0.2102970679
956	0.1731923738	0.171	0.2102695988
957	0.1731846186	0.171	0.2102307099
958	0.1731794974	0.1711111111	0.210296142
959	0.1731643483	0.1711111111	0.2103733025
960	0.1731628332	0.1711111111	0.2103887346
961	0.1731551382	0.1712222222	0.2106405864
962	0.1731468254	0.1711111111	0.2105612654
963	0.1731352401	0.1711111111	0.2104816358
964	0.1731221	0.171	0.2104066358
965	0.1731135723	0.171	0.2105572531
966	0.173101856	0.1711111111	0.2106432099
967	0.1730951327	0.1713333333	0.210717284
968	0.1730894967	0.1712222222	0.2106265432
969	0.1730787973	0.1715555556	0.2109320988
970	0.173069992	0.1714444444	0.2108969136
971	0.1730602828	0.1718888889	0.2113367284
972	0.1730437806	0.1718888889	0.2110473765
973	0.1730341453	0.1718888889	0.2110964506
974	0.1730269755	0.1717777778	0.2111135802
975	0.1730180554	0.1717777778	0.211045679
976	0.1730084372	0.1718888889	0.2111567901
977	0.1730016493	0.1716666667	0.2110101852
978	0.1729939552	0.1715555556	0.210975
979	0.172985148	0.1716666667	0.2111464506
980	0.1729782921	0.1715555556	0.2110464506
981	0.1729709956	0.1716666667	0.2112729938
982	0.1729662269	0.1717777778	0.2113405864
983	0.1729578496	0.1717777778	0.2114373457
984	0.1729485024	0.1715555556	0.2114058642
985	0.1729340504	0.1717777778	0.211470679
986	0.1729239266	0.1718888889	0.2115688272
987	0.1729129293	0.172	0.211645679
988	0.172906724	0.1717777778	0.2118070988
989	0.1728994563	0.1717777778	0.2116916667
990	0.1728909126	0.1715555556	0.2115453704
991	0.1728809397	0.1715555556	0.2115453704
992	0.1728714309	0.1718888889	0.2115296296
993	0.1728583004	0.1718888889	0.2115813272
994	0.1728508012	0.1718888889	0.2119063272
995	0.1728434336	0.1718888889	0.2118723765
996	0.1728355929	0.1717777778	0.2119032407
997	0.1728262995	0.1716666667	0.2118439815
998	0.1728160348	0.1716666667	0.2118763889
999	0.1728040482	0.1717777778	0.2115634259
1000	0.1727963467	0.1717777778	0.2115486111
1001	0.1727899234	0.1717777778	0.2116134259
1002	0.172777723	0.172	0.2118476852
1003	0.1727679622	0.1721111111	0.2118737654
1004	0.1727656355	0.172	0.2117117284
1005	0.1727579776	0.1721111111	0.2114858025
1006	0.1727498522	0.1718888889	0.211317284
1007	0.1727430325	0.172	0.2113885802
1008	0.172735019	0.172	0.2114404321
1009	0.1727227759	0.172	0.2114052469
1010	0.1727159445	0.1721111111	0.2114496914
1011	0.1727061458	0.1721111111	0.2115237654
1012	0.1726956984	0.172	0.2114148148
1013	0.1726878333	0.172	0.211449537
1014	0.1726762194	0.172	0.2114958333
1015	0.1726676323	0.1721111111	0.2116319444
1016	0.1726585877	0.1723333333	0.2117819444
1017	0.17263678	0.1723333333	0.2117347222
1018	0.1726336171	0.1722222222	0.2117115741
1019	0.1726230879	0.1724444444	0.2121625
1020	0.1726162322	0.1724444444	0.2122658951
1021	0.1726094395	0.1722222222	0.2120557099
1022	0.1725995757	0.1721111111	0.2118242284
1023	0.1725902215	0.1724444444	0.2119890432
1024	0.172580235	0.1724444444	0.2119959877
1025	0.1725722866	0.1724444444	0.2120895062
1026	0.1725655974	0.1725555556	0.2125009259
1027	0.1725622927	0.1725555556	0.2125148148
1028	0.1725549911	0.1726666667	0.2126385802
1029	0.17254447	0.1727777778	0.2124398148
1030	0.1725344696	0.1728888889	0.2124944444
1031	0.172527838	0.1731111111	0.2126259259
1032	0.1725199783	0.1728888889	0.212587037
1033	0.1725113744	0.1732222222	0.2130833333
1034	0.1725039793	0.1731111111	0.2129944444
1035	0.1724955845	0.173	0.2130330247
1036	0.1724870128	0.173	0.2130191358
1037	0.1724756995	0.1728888889	0.2130427469
1038	0.1724656186	0.1731111111	0.2132020062
1039	0.1724617062	0.1731111111	0.2132020062
1040	0.1724534699	0.1731111111	0.2132313272
1041	0.1724432764	0.1733333333	0.2133410494
1042	0.1724375082	0.1732222222	0.2132966049
1043	0.1724285837	0.1734444444	0.2135262346
1044	0.1724173505	0.1731111111	0.2134435185
1045	0.1724062018	0.1731111111	0.2133527778
1046	0.1723959984	0.1731111111	0.213462963
1047	0.1723853011	0.1731111111	0.213425
1048	0.1723756358	0.1733333333	0.2135527778
1049	0.1723625371	0.1731111111	0.2132824074
1050	0.1723525134	0.1731111111	0.2132638889
1051	0.1723438425	0.1732222222	0.2133027778
1052	0.1723365027	0.1732222222	0.2132302469
1053	0.172330215	0.1732222222	0.2131527778
1054	0.1723243865	0.1732222222	0.2131373457
1055	0.1723162564	0.1733333333	0.2132515432
1056	0.1723067289	0.1736666667	0.2133987654
1057	0.172298648	0.1738888889	0.2135098765
1058	0.1722896762	0.1738888889	0.2135530864
1059	0.1722833514	0.174	0.2140351852
1060	0.1722755736	0.1737777778	0.214067284
1061	0.1722673376	0.1738888889	0.2141191358
1062	0.1722612659	0.1738888889	0.2140820988
1063	0.1722521244	0.1738888889	0.2142228395
1064	0.1722417218	0.174	0.2145425926
1065	0.1722366438	0.174	0.2145009259
1066	0.1722260739	0.1738888889	0.2143990741
1067	0.1722144992	0.1741111111	0.214537963
1068	0.1722091152	0.1741111111	0.214612037
1069	0.1722010522	0.1741111111	0.2146305556
1070	0.1721881859	0.1744444444	0.2149824074
1071	0.1721798313	0.1746666667	0.2150296296
1072	0.1721666032	0.1746666667	0.2151314815
1073	0.172162109	0.1745555556	0.2150907407
1074	0.1721535861	0.1745555556	0.2151030864
1075	0.1721448036	0.1744444444	0.215037963
1076	0.172135273	0.1745555556	0.2151320988
1077	0.1721263685	0.1744444444	0.2150802469
1078	0.1721206406	0.1744444444	0.215008642
1079	0.1721135098	0.1743333333	0.2149271605
1080	0.1721024677	0.1745555556	0.2152861111
1081	0.1720960919	0.1744444444	0.2152141975
1082	0.1720881257	0.1745555556	0.2151854938
1083	0.172077178	0.1743333333	0.2151262346
1084	0.1720650654	0.1745555556	0.2152549383
1085	0.1720591886	0.1745555556	0.2152200617
1086	0.1720522347	0.1746666667	0.2152867284
1087	0.1720440986	0.1746666667	0.2154021605
1088	0.1720355151	0.1746666667	0.2153817901
1089	0.1720273459	0.1747777778	0.2156037037
1090	0.1720226944	0.1748888889	0.2158391975
1091	0.1720147856	0.1747777778	0.2157904321
1092	0.1720025442	0.175	0.2160209877
1093	0.1719936665	0.175	0.2160364198
1094	0.1719860569	0.175	0.216091358
1095	0.1719756052	0.1754444444	0.2164243827
1096	0.1719658937	0.1752222222	0.2163219136
1097	0.1719596133	0.1753333333	0.2161669753
1098	0.1719551223	0.1753333333	0.2161410494
1099	0.1719502422	0.1753333333	0.216208642
1100	0.171940481	0.1755555556	0.2164817901
1101	0.1719350029	0.1754444444	0.2164185185
1102	0.1719267653	0.1753333333	0.2163574074
1103	0.171918864	0.1752222222	0.2162833333
1104	0.1719091545	0.1753333333	0.2163768519
1105	0.1719013943	0.1753333333	0.2164694444
1106	0.1718915226	0.1753333333	0.2165731481
1107	0.1718912926	0.1753333333	0.2165731481
1108	0.1718801979	0.1753333333	0.2164811728
1109	0.1718714131	0.1756666667	0.2166469136
1110	0.1718653024	0.1757777778	0.2167598765
1111	0.1718555869	0.1757777778	0.2166348765
1112	0.1718500531	0.1757777778	0.2165728395
1113	0.171842415	0.1757777778	0.2164617284
1114	0.1718408982	0.1757777778	0.2164617284
1115	0.1718361353	0.1761111111	0.2165774691
1116	0.1718248191	0.1761111111	0.2165839506
1117	0.1718174761	0.1761111111	0.2165432099
1118	0.171808363	0.1761111111	0.2165756173
1119	0.1718031343	0.1762222222	0.2167561728
1120	0.1717961055	0.1763333333	0.2167959877
1121	0.1717909921	0.1764444444	0.216891358
1122	0.1717829637	0.1765555556	0.2168098765
1123	0.1717733826	0.1763333333	0.216866358
1124	0.1717655124	0.1763333333	0.2169709877
1125	0.1717569594	0.1764444444	0.2169833333
1126	0.1717482794	0.1764444444	0.217025
1127	0.1717451834	0.1765555556	0.2169601852
1128	0.1717393095	0.1766666667	0.2170768519
1129	0.1717269321	0.1765555556	0.2171222222
1130	0.1717190842	0.1768888889	0.2171680556
1131	0.171707634	0.1771111111	0.2171800926
1132	0.1717013116	0.1772222222	0.2173328704
1133	0.1716928263	0.1774444444	0.2173569444
1134	0.1716858836	0.1773333333	0.2173027778
1135	0.1716799653	0.1773333333	0.2173527778
1136	0.1716719108	0.1773333333	0.2172842593
1137	0.1716659582	0.1771111111	0.2170564815
1138	0.1716566929	0.1772222222	0.2174175926
1139	0.1716470442	0.1774444444	0.2176175926
1140	0.1716364691	0.1775555556	0.2177
1141	0.1716281998	0.1776666667	0.2181021605
1142	0.1716168559	0.1776666667	0.2180817901
1143	0.1716097511	0.1777777778	0.2181762346
1144	0.1715962812	0.1778888889	0.2183067901
1145	0.1715823848	0.1777777778	0.2182901235
1146	0.1715733512	0.1777777778	0.2184049383
1147	0.1715662612	0.1773333333	0.218158642
1148	0.1715615222	0.1773333333	0.2180938272
1149	0.1715542374	0.1777777778	0.2183299383
1150	0.1715485292	0.1778888889	0.2184410494
1151	0.1715400964	0.1777777778	0.2182799383
1152	0.1715299653	0.1777777778	0.2182350309
1153	0.1715234269	0.1778888889	0.2184415123
1154	0.1715151136	0.1778888889	0.2185305556
1155	0.1715066737	0.1781111111	0.2186972222
1156	0.1714987867	0.1782222222	0.2187106481
1157	0.1714891725	0.178	0.2182847222
1158	0.1714792892	0.1781111111	0.2185856481
1159	0.1714689389	0.1781111111	0.2186800926
1160	0.1714556003	0.1781111111	0.2188189815
1161	0.1714430624	0.178	0.2188770062
1162	0.1714366237	0.1783333333	0.2190893519
1163	0.1714299143	0.1783333333	0.2192328704
1164	0.171422296	0.1785555556	0.2195273148
1165	0.1714126476	0.1787777778	0.2196662037
1166	0.1713994888	0.1785555556	0.2194486111
1167	0.171396004	0.1785555556	0.2194300926
1168	0.1713907706	0.1784444444	0.2190689815
1169	0.1713903687	0.1784444444	0.2190689815
1170	0.1713868871	0.1784444444	0.2191677469
1171	0.1713803211	0.1786666667	0.2195182099
1172	0.1713712811	0.1787777778	0.2197311728
1173	0.1713667855	0.1792222222	0.2201246914
1174	0.1713592791	0.1792222222	0.2201052469
1175	0.1713514262	0.1793333333	0.2202052469
1176	0.1713451915	0.1792222222	0.2200015432
1177	0.1713403327	0.1792222222	0.2200283951
1178	0.1713350338	0.1793333333	0.220104784
1179	0.1713270669	0.1796666667	0.2203640432
1180	0.1713209762	0.1797777778	0.2206066358
1181	0.1713081264	0.1797777778	0.221078858
1182	0.1713008315	0.1798888889	0.2213023148
1183	0.1712962643	0.1798888889	0.2210726852
1184	0.1712899675	0.18	0.2212412037
1185	0.1712801604	0.1797777778	0.2210066358
1186	0.17127466	0.1797777778	0.2210158951
1187	0.1712658053	0.1796666667	0.2208683642
1188	0.1712605306	0.1796666667	0.2208868827
1189	0.1712510516	0.1797777778	0.2209871914
1190	0.1712436366	0.1795555556	0.2208692901
1191	0.1712404016	0.1796666667	0.2208854938
1192	0.1712329845	0.1796666667	0.2209762346
1193	0.1712236833	0.1796666667	0.2207304012
1194	0.1712208918	0.1796666667	0.2207304012
1195	0.1712133841	0.1795555556	0.2207442901
1196	0.171206478	0.1797777778	0.2212563272
1197	0.1712031938	0.1796666667	0.2212007716
1198	0.1711952029	0.1795555556	0.2212061728
1199	0.1711896303	0.1794444444	0.2211550926
1200	0.1711851897	0.1795555556	0.2213125
1201	0.1711795991	0.1794444444	0.2212273148
1202	0.1711712287	0.1795555556	0.2214990741
1203	0.1711644683	0.1794444444	0.2213856481
1204	0.1711580854	0.1795555556	0.2213365741
1205	0.1711491111	0.1794444444	0.2213143519
1206	0.1711343056	0.18	0.2216933642
1207	0.1711242059	0.1801111111	0.2217854938
1208	0.1711145242	0.1801111111	0.2217429012
1209	0.1711085676	0.18	0.2217891975
1210	0.1711008622	0.1802222222	0.2221109568
1211	0.1710912344	0.18	0.2218859568
1212	0.1710833786	0.1801111111	0.2220660494
1213	0.1710776128	0.18	0.2220544753
1214	0.1710703816	0.1798888889	0.221995216
1215	0.1710624509	0.1798888889	0.2219516975
1216	0.1710541083	0.18	0.2219924383
1217	0.1710472611	0.18	0.2219100309
1218	0.1710380986	0.18	0.2218637346
1219	0.1710300104	0.1797777778	0.2219174383
1220	0.1710190517	0.1797777778	0.2219433642
1221	0.1710112886	0.1797777778	0.2221270062
1222	0.1710044912	0.1797777778	0.221953858
1223	0.1709985367	0.18	0.2221945988
1224	0.1709903403	0.18	0.2221945988
1225	0.1709815534	0.1801111111	0.222071142
1226	0.1709766493	0.1801111111	0.2221239198
1227	0.1709660186	0.18	0.2220557099
1228	0.1709577914	0.1798888889	0.2219955247
1229	0.1709459308	0.1798888889	0.2218587963
1230	0.1709388113	0.1801111111	0.2221992284
1231	0.1709386636	0.1802222222	0.2222436728
1232	0.1709297613	0.1802222222	0.2223362654
1233	0.1709220521	0.1803333333	0.2222029321
1234	0.1709136319	0.1802222222	0.2221251543
1235	0.1709080926	0.1802222222	0.2222023148
1236	0.1708986228	0.1802222222	0.2222689815
1237	0.1708892928	0.1802222222	0.2222689815
1238	0.1708830843	0.1802222222	0.2222921296
1239	0.1708706792	0.1804444444	0.2224662037
1240	0.1708581434	0.1802222222	0.2223800926
1241	0.1708513511	0.1804444444	0.222362963
1242	0.17084485	0.1803333333	0.2225203704
1243	0.1708406843	0.1803333333	0.2224972222
1244	0.1708347002	0.1803333333	0.2225347222
1245	0.1708234156	0.1804444444	0.2226729938
1246	0.170817852	0.1806666667	0.2226287037
1247	0.1708125338	0.1806666667	0.2225564815
1248	0.1708075931	0.1805555556	0.222537963
1249	0.1707975363	0.1807777778	0.2227984568
1250	0.1707929977	0.1808888889	0.2228101852
1251	0.1707798005	0.1804444444	0.2226087963
1252	0.1707727151	0.1804444444	0.2228694444
1253	0.1707651351	0.1802222222	0.222941821
1254	0.1707578323	0.1801111111	0.2229700617
1255	0.1707479582	0.1801111111	0.2230441358
1256	0.1707415291	0.18	0.223092284
1257	0.1707357437	0.18	0.2230070988
1258	0.170727025	0.1801111111	0.2230811728
1259	0.1707182642	0.1805555556	0.2233330247
1260	0.1707067662	0.1805555556	0.2233033951
1261	0.1706974782	0.1805555556	0.2234368827
1262	0.170692997	0.1804444444	0.223354784
1263	0.1706874265	0.1804444444	0.2233705247
1264	0.17067812	0.1804444444	0.223332716
1265	0.1706711393	0.1807777778	0.2233878086
1266	0.170662377	0.1807777778	0.223496142
1267	0.170655278	0.1807777778	0.2238393519
1268	0.1706476735	0.181	0.2239171296
1269	0.1706376745	0.1808888889	0.2238578704
1270	0.1706281651	0.1808888889	0.2240111111
1271	0.1706233375	0.1808888889	0.2239740741
1272	0.1706167906	0.1808888889	0.2239851852
1273	0.170608259	0.1807777778	0.2239333333
1274	0.1705981657	0.1805555556	0.2237530864
1275	0.1705893098	0.1804444444	0.2236844136
1276	0.1705781721	0.1804444444	0.2238121914
1277	0.1705713342	0.1802222222	0.2236813272
1278	0.1705646526	0.1807777778	0.2241291667
1279	0.1705593727	0.1807777778	0.2241291667
1280	0.1705481632	0.1816666667	0.2249834877
1281	0.1705421154	0.1817777778	0.2251112654
1282	0.1705360894	0.1816666667	0.2251131173
1283	0.1705256378	0.1815555556	0.2248473765
1284	0.1705224925	0.1817777778	0.2250751543
1285	0.170516742	0.1821111111	0.2252307099
1286	0.1705085275	0.1818888889	0.2251084877
1287	0.1705022711	0.1818888889	0.2250862654
1288	0.170496778	0.1821111111	0.225054784
1289	0.1704909911	0.1822222222	0.2251214506
1290	0.1704847884	0.1825555556	0.2253158951
1291	0.1704783609	0.1826666667	0.225266821
1292	0.170470721	0.1828888889	0.2254905864
1293	0.1704652803	0.1828888889	0.2256665123
1294	0.1704569463	0.1826666667	0.2254578704
1295	0.1704496512	0.1827777778	0.225524537
1296	0.1704433082	0.1828888889	0.2256134259
1297	0.170438787	0.1826666667	0.2254220679
1298	0.1704316573	0.1826666667	0.2255368827
1299	0.1704257392	0.1826666667	0.2255220679
1300	0.1704180833	0.1828888889	0.2256591049
1301	0.1704121975	0.1828888889	0.2257183642
1302	0.1704035778	0.183	0.2257600309
1303	0.1703990398	0.183	0.2257516975
1304	0.1703917509	0.1831111111	0.2258341049
1305	0.1703849566	0.1832222222	0.2261878086
1306	0.1703755652	0.1832222222	0.2261878086
1307	0.1703703023	0.1832222222	0.2262473765
1308	0.1703610364	0.1834444444	0.2261689815
1309	0.1703472823	0.1834444444	0.2260300926
1310	0.1703431357	0.1833333333	0.2261134259
1311	0.1703369606	0.1833333333	0.2261375
1312	0.1703301049	0.1833333333	0.2261473765
1313	0.1703217119	0.1833333333	0.226066821
1314	0.170313081	0.1833333333	0.2261057099
1315	0.170301343	0.1834444444	0.2261325617
1316	0.1702956266	0.1837777778	0.2261677469
1317	0.1702881679	0.1836666667	0.2263483025
1318	0.1702822198	0.1837777778	0.226266821
1319	0.1702735298	0.1836666667	0.2262192901
1320	0.1702652477	0.1836666667	0.2263229938
1321	0.1702552593	0.1835555556	0.2263146605
1322	0.1702468717	0.1836666667	0.2264183642
1323	0.170238825	0.1836666667	0.2262949074
1324	0.1702297178	0.1836666667	0.226450463
1325	0.1702228588	0.1838888889	0.2266615741
1326	0.1702171033	0.184	0.2266220679
1327	0.170212572	0.1842222222	0.2269600309
1328	0.1702041011	0.1844444444	0.2270131173
1329	0.1701968856	0.1845555556	0.227028858
1330	0.1701938089	0.1845555556	0.2270057099
1331	0.170186138	0.1844444444	0.2270103395
1332	0.170180123	0.1845555556	0.226999537
1333	0.1701718651	0.1846666667	0.2269575617
1334	0.17016676	0.1844444444	0.2268976852
1335	0.1701619239	0.1841111111	0.2268439815
1336	0.1701514268	0.1843333333	0.2271094136
1337	0.1701456082	0.1842222222	0.2270486111
1338	0.170135205	0.1847777778	0.2277513889
1339	0.1701280735	0.1846666667	0.2277236111
1340	0.1701182024	0.1847777778	0.2279199074
1341	0.170109877	0.1845555556	0.2277421296
1342	0.1700993277	0.1847777778	0.2279094136
1343	0.1700868967	0.1847777778	0.2280009259
1344	0.1700789984	0.1848888889	0.2280337963
1345	0.1700702207	0.1845555556	0.2279853395
1346	0.1700638157	0.1847777778	0.2282725309
1347	0.1700542109	0.1847777778	0.2286416667
1348	0.1700452848	0.1846666667	0.2285583333
1349	0.1700390611	0.1846666667	0.2285699074
1350	0.1700314676	0.1846666667	0.2285634259
1351	0.1700231558	0.1847777778	0.2286375
1352	0.170016799	0.1847777778	0.2287324074
1353	0.170011902	0.1848888889	0.2287287037
1354	0.170007773	0.1848888889	0.2287407407
1355	0.1699986335	0.1847777778	0.2287555556
1356	0.1699925742	0.1846666667	0.2286990741
1357	0.1699864959	0.1847777778	0.228787963
1358	0.1699830247	0.1848888889	0.2289101852
1359	0.1699738978	0.1848888889	0.2288768519
1360	0.1699664619	0.1851111111	0.2291518519
1361	0.1699602109	0.1852222222	0.2291935185
1362	0.1699549814	0.1851111111	0.2290574074
1363	0.169948013	0.1851111111	0.2290935185
1364	0.1699441226	0.1851111111	0.2290935185
1365	0.1699340911	0.1853333333	0.2290546296
1366	0.1699250072	0.1853333333	0.229287963
1367	0.1699145874	0.1854444444	0.2294046296
1368	0.1699039939	0.1853333333	0.2289345679
1369	0.1698967371	0.1853333333	0.2290092593
1370	0.1698872557	0.1857777778	0.2293484568
1371	0.1698825837	0.1857777778	0.229379321
1372	0.1698762796	0.1858888889	0.2293996914
1373	0.1698671507	0.1857777778	0.2292885802
1374	0.1698607014	0.1858888889	0.2293373457
1375	0.1698562318	0.186	0.2294966049
1376	0.1698457904	0.1863333333	0.2298932099
1377	0.1698423549	0.1864444444	0.2299765432
1378	0.1698372071	0.1861111111	0.2296993827
1379	0.1698290819	0.1861111111	0.229732716
1380	0.1698225813	0.1858888889	0.2295907407
1381	0.1698186455	0.186	0.2298222222
1382	0.16980469	0.186	0.2298731481
1383	0.1697948546	0.1861111111	0.2299731481
1384	0.1697854118	0.1864444444	0.2302347222
1385	0.1697798146	0.1866666667	0.2303291667
1386	0.1697716105	0.1866666667	0.230475463
1387	0.1697619626	0.1864444444	0.2304044753
1388	0.1697561104	0.1862222222	0.2302410494
1389	0.1697522721	0.1863333333	0.2303484568
1390	0.1697416876	0.1863333333	0.2303237654
1391	0.1697329109	0.1866666667	0.2304850309
1392	0.1697229452	0.1867777778	0.2303274691
1393	0.1697170358	0.1867777778	0.2304851852
1394	0.1697125267	0.1866666667	0.2303895062
1395	0.1697037655	0.1867777778	0.230491358
1396	0.1696957145	0.1872222222	0.2308949074
1397	0.1696891089	0.1872222222	0.2309736111
1398	0.1696783391	0.1873333333	0.2310162037
1399	0.1696674444	0.1875555556	0.2311958333
1400	0.1696595306	0.1876666667	0.2315013889
1401	0.1696539343	0.1874444444	0.2314186728
1402	0.1696443198	0.1875555556	0.231453858
1403	0.1696348942	0.1875555556	0.2315445988
1404	0.1696254789	0.1876666667	0.2314976852
1405	0.169619274	0.1877777778	0.231471142
1406	0.1696127912	0.1878888889	0.2313109568
1407	0.1696046924	0.1877777778	0.2313942901
1408	0.1695987338	0.1875555556	0.2313979938
1409	0.1695961407	0.1876666667	0.2314591049
1410	0.1695906502	0.1878888889	0.2315924383
1411	0.169582937	0.188	0.2317868827
1412	0.1695747589	0.188	0.2318239198
1413	0.1695671988	0.188	0.2318236111
1414	0.1695597426	0.188	0.2319569444
1415	0.1695544648	0.1876666667	0.2318856481
1416	0.1695467814	0.1877777778	0.232046142
1417	0.1695394886	0.1878888889	0.2321905864
1418	0.1695322686	0.1881111111	0.2324282407
1419	0.1695261903	0.1882222222	0.232546142
1420	0.1695174684	0.1882222222	0.2323609568
1421	0.169509597	0.1883333333	0.2323128086
1422	0.1694986994	0.1881111111	0.2322243827
1423	0.1694928624	0.1882222222	0.2323438272
1424	0.1694863017	0.1883333333	0.232383642
1425	0.1694771328	0.1884444444	0.2325742284
1426	0.169474096	0.1884444444	0.2326359568
1427	0.1694679692	0.1885555556	0.2327563272
1428	0.1694613657	0.1885555556	0.2327992284
1429	0.1694553676	0.1885555556	0.2328862654
1430	0.1694451954	0.1885555556	0.2329520062
1431	0.1694377904	0.1886666667	0.2328686728
1432	0.1694304085	0.1887777778	0.232874537
1433	0.1694215021	0.1887777778	0.2327708333
1434	0.1694107935	0.1888888889	0.232925463
1435	0.1694060522	0.1887777778	0.2331657407
1436	0.1693994566	0.1887777778	0.2331106481
1437	0.1693944075	0.1886666667	0.2333597222
1438	0.1693872052	0.1887777778	0.2334361111
1439	0.1693710981	0.1887777778	0.2333087963
1440	0.1693635633	0.1888888889	0.2333458333
1441	0.1693579135	0.189	0.2335402778
1442	0.1693536119	0.189	0.2334802469
1443	0.1693453416	0.189	0.2334612654
1444	0.1693437625	0.1888888889	0.2334890432
1445	0.1693382618	0.189	0.2336691358
1446	0.1693345661	0.189	0.2337432099
1447	0.1693295151	0.1891111111	0.2338339506
1448	0.1693220108	0.1891111111	0.233862963
1449	0.1693129219	0.189	0.2338740741
1450	0.1693065757	0.1888888889	0.2337666667
1451	0.1692996629	0.1888888889	0.2338097222
1452	0.1692931094	0.1891111111	0.2338541667
1453	0.1692807729	0.1893333333	0.2339347222
1454	0.1692719343	0.1892222222	0.2339180556
1455	0.1692635066	0.189	0.2339384259
1456	0.1692582586	0.1892222222	0.234150463
1457	0.1692513964	0.1892222222	0.2339387346
1458	0.1692468282	0.1892222222	0.2339016975
1459	0.1692391725	0.1893333333	0.2340683642
1460	0.1692288291	0.1893333333	0.2340794753
1461	0.16922387	0.1894444444	0.2342516975
1462	0.1692211098	0.1893333333	0.2341516975
1463	0.1692153252	0.1895555556	0.234195216
1464	0.1692043597	0.1895555556	0.2342861111
1465	0.169197044	0.1895555556	0.2343064815
1466	0.1691903651	0.1895555556	0.2343435185
1467	0.1691810656	0.1895555556	0.2343435185
1468	0.169177296	0.1895555556	0.2343712963
1469	0.1691730664	0.1895555556	0.2344277778
1470	0.1691661935	0.1898888889	0.2346055556
1471	0.1691597247	0.1896666667	0.2344509259
1472	0.1691529597	0.1897777778	0.234562037
1473	0.169144964	0.1898888889	0.234687963
1474	0.1691369939	0.1898888889	0.2347435185
1475	0.1691323838	0.1898888889	0.2347435185
1476	0.1691241415	0.1901111111	0.2347138889
1477	0.1691151026	0.19	0.2348842593
1478	0.1691087933	0.19	0.2348842593
1479	0.1690981837	0.1898888889	0.2347824074
1480	0.1690885921	0.1898888889	0.2349768519
1481	0.1690814437	0.1897777778	0.2349027778
1482	0.1690771051	0.1897777778	0.2349138889
1483	0.1690700572	0.1897777778	0.2349115741
1484	0.1690619954	0.1898888889	0.2350967593
1485	0.1690549084	0.19	0.235124537
1486	0.1690458451	0.19	0.2351924383
1487	0.1690387861	0.1897777778	0.2350041667
1488	0.1690281468	0.1897777778	0.2352837963
1489	0.1690230783	0.1897777778	0.2351572531
1490	0.1690153705	0.19	0.235883179
1491	0.1690098487	0.19	0.2359276235
1492	0.1689993969	0.1901111111	0.2360736111
1493	0.1689933283	0.19	0.2359810185
1494	0.1689806809	0.19	0.2360273148
1495	0.1689756112	0.1901111111	0.2359199074
1496	0.16896755	0.19	0.2358834877
1497	0.1689598391	0.1898888889	0.2357983025
1498	0.1689512655	0.1898888889	0.2358149691
1499	0.1689399848	0.1898888889	0.2357520062
1500	0.1689313043	0.1898888889	0.2358146605
1501	0.1689252028	0.1898888889	0.2359010802
1502	0.1689201696	0.1901111111	0.2360899691
1503	0.1689105269	0.1903333333	0.2362709877
1504	0.1689022277	0.1903333333	0.2363287037
1505	0.1688967663	0.1903333333	0.2363762346
1506	0.1688944152	0.1903333333	0.2365416667
1507	0.1688880857	0.1902222222	0.2364416667
1508	0.1688792973	0.1902222222	0.2364108025
1509	0.168873355	0.1903333333	0.2365140432
1510	0.1688694757	0.1903333333	0.2364807099
1511	0.168862013	0.1903333333	0.2366158951
1512	0.1688518959	0.1905555556	0.2367140432
1513	0.1688448486	0.1906666667	0.2367584877
1514	0.168840548	0.1905555556	0.2366010802
1515	0.168834143	0.1905555556	0.2366084877
1516	0.1688258719	0.1905555556	0.2365197531
1517	0.1688229823	0.1904444444	0.2365989198
1518	0.1688140515	0.1904444444	0.2367192901
1519	0.1688069257	0.1904444444	0.2367285494
1520	0.1688021091	0.1904444444	0.2362216049
1521	0.1687948324	0.1904444444	0.2364790123
1522	0.1687914449	0.1903333333	0.236508179
1523	0.1687812391	0.1902222222	0.2363174383
1524	0.1687766133	0.1902222222	0.2363915123
1525	0.1687702168	0.1903333333	0.2364899691
1526	0.1687622877	0.1902222222	0.2366473765
1527	0.1687510393	0.1903333333	0.2363837963
1528	0.1687471207	0.1904444444	0.2361875
1529	0.1687396067	0.1904444444	0.2362013889
1530	0.1687363172	0.1904444444	0.2362199074
1531	0.1687328957	0.1905555556	0.2364686728
1532	0.1687255642	0.1906666667	0.2366945988
1533	0.1687192939	0.1906666667	0.2368739198
1534	0.1687155167	0.1906666667	0.236920216
1535	0.1687090329	0.1908888889	0.2366280864
1536	0.16870454	0.191	0.2366570988
1537	0.1686987398	0.1908888889	0.2368521605
1538	0.1686918541	0.1908888889	0.2368040123
1539	0.1686841839	0.191	0.236870679
1540	0.1686778958	0.1911111111	0.2370447531
1541	0.1686721373	0.191	0.2368555556
1542	0.1686653293	0.191	0.2370314815
1543	0.1686591436	0.191	0.2369398148
1544	0.1686589153	0.191	0.2369398148
1545	0.1686486706	0.1911111111	0.2367645062
1546	0.1686423314	0.1911111111	0.2368478395
1547	0.1686354944	0.1911111111	0.236804321
1548	0.1686258145	0.1912222222	0.2370098765
1549	0.1686202874	0.191	0.2368969136
1550	0.1686121729	0.191	0.2368283951
1551	0.1686043636	0.1912222222	0.2371320988
1552	0.168596634	0.1912222222	0.237554321
1553	0.1685897152	0.1912222222	0.2375200617
1554	0.1685838249	0.1911111111	0.2374533951
1555	0.1685763442	0.1911111111	0.2374533951
1556	0.1685702087	0.1912222222	0.2373885802
1557	0.1685626849	0.1912222222	0.2373885802
1558	0.1685576299	0.1912222222	0.237492284
1559	0.1685461291	0.1912222222	0.2375200617
1560	0.1685405074	0.1912222222	0.2375126543
1561	0.1685379638	0.1912222222	0.2375126543
1562	0.1685284425	0.1914444444	0.2379114198
1563	0.1685221979	0.1914444444	0.2378466049
1564	0.1685194154	0.1914444444	0.2378354938
1565	0.1685135705	0.1913333333	0.2376808642
1566	0.1685076289	0.1916666667	0.2377100309
1567	0.1685027958	0.1916666667	0.2380109568
1568	0.1684948015	0.1917777778	0.237920216
1569	0.1684886839	0.1918888889	0.2382405864
1570	0.1684880419	0.192	0.2383516975
1571	0.1684835297	0.1918888889	0.2383566358
1572	0.1684753372	0.1917777778	0.2384140432
1573	0.168467126	0.1918888889	0.2384381173
1574	0.1684570907	0.1921111111	0.238541821
1575	0.1684492771	0.1918888889	0.2386881173
1576	0.1684417848	0.192	0.2387776235
1577	0.1684382801	0.192	0.2386507716
1578	0.1684335978	0.192	0.2386816358
1579	0.1684297427	0.192	0.2386229938
1580	0.1684240114	0.192	0.2382399691
1581	0.1684145667	0.192	0.2383973765
1582	0.1684102893	0.1918888889	0.2379617284
1583	0.1684045675	0.1918888889	0.2382561728
1584	0.1683963322	0.192	0.2386603395
1585	0.1683897994	0.192	0.2387084877
1586	0.1683856773	0.192	0.238629784
1587	0.1683814645	0.1922222222	0.2387689815
1588	0.1683748873	0.1922222222	0.2387921296
1589	0.1683630156	0.1922222222	0.2384344136
1590	0.1683564525	0.1921111111	0.2383783951
1591	0.1683479218	0.192	0.2384814815
1592	0.1683409702	0.192	0.2384675926
1593	0.1683357045	0.1921111111	0.238612963
1594	0.168329559	0.1922222222	0.2386185185
1595	0.1683249904	0.1922222222	0.2385527778
1596	0.168318333	0.1922222222	0.238587963
1597	0.1683105225	0.1924444444	0.2387601852
1598	0.1683036116	0.1924444444	0.2387282407
1599	0.168296841	0.1925555556	0.2385106481
1600	0.1682881617	0.1926666667	0.2384921296
1601	0.1682781505	0.1927777778	0.2383115741
1602	0.1682734092	0.1928888889	0.2383729938
1603	0.1682679665	0.1927777778	0.2383526235
1604	0.1682620045	0.1928888889	0.2384359568
1605	0.1682564178	0.1927777778	0.2381535494
1606	0.1682494677	0.1928888889	0.238195216
1607	0.1682432219	0.1926666667	0.2381072531
1608	0.168239078	0.1923333333	0.2381322531
1609	0.1682327539	0.1925555556	0.2385489198
1610	0.1682294738	0.1924444444	0.2384748457
1611	0.1682258227	0.1924444444	0.2384563272
1612	0.1682191816	0.1924444444	0.238316821
1613	0.1682100631	0.1926666667	0.2383544753
1614	0.1682046373	0.1924444444	0.2383118827
1615	0.1681970865	0.1924444444	0.2383192901
1616	0.1681890545	0.1924444444	0.2383192901
1617	0.1681860165	0.1923333333	0.2382748457
1618	0.1681765753	0.1922222222	0.2381483025
1619	0.1681710843	0.1922222222	0.2381205247
1620	0.1681645997	0.1926666667	0.2384935185
1621	0.1681625374	0.1926666667	0.2386842593
1622	0.16815623	0.1926666667	0.2386398148
1623	0.1681475055	0.1927777778	0.2390657407
1624	0.168142374	0.1927777778	0.2389444444
1625	0.1681339631	0.1927777778	0.2389320988
1626	0.1681282232	0.1926666667	0.2390515432
1627	0.1681209149	0.1926666667	0.2393694444
1628	0.1681140885	0.1926666667	0.2393490741
1629	0.1681072305	0.1927777778	0.2395305556
1630	0.1681027696	0.1927777778	0.2394842593
1631	0.1680978527	0.1927777778	0.2392972222
1632	0.1680890652	0.1928888889	0.239225
1633	0.1680821123	0.1928888889	0.239445679
1634	0.1680733324	0.1932222222	0.2395141975
1635	0.1680655666	0.1932222222	0.2395141975
1636	0.1680590746	0.1934444444	0.2396851852
1637	0.1680532332	0.1934444444	0.2397361111
1638	0.1680488196	0.1932222222	0.2392361111
1639	0.1680419116	0.1933333333	0.2393651235
1640	0.168035291	0.1934444444	0.2396975309
1641	0.1680243557	0.1934444444	0.2397407407
1642	0.1680161581	0.1935555556	0.2399462963
1643	0.1680109495	0.1938888889	0.2401203704
1644	0.1680076469	0.1938888889	0.2403185185
1645	0.16799897	0.194	0.2404777778
1646	0.1679915475	0.1938888889	0.2403186728
1647	0.1679891603	0.1938888889	0.2403186728
1648	0.1679867247	0.1938888889	0.2403094136
1649	0.1679814013	0.194	0.2404266975
1650	0.1679748862	0.1936666667	0.2402353395
1651	0.1679682153	0.1936666667	0.2402983025
1652	0.1679623142	0.1937777778	0.2403785494
1653	0.1679551245	0.1938888889	0.2402544753
1654	0.1679496257	0.1938888889	0.2402544753
1655	0.1679384458	0.1938888889	0.2405507716
1656	0.1679317196	0.194	0.240558179
1657	0.1679243339	0.1941111111	0.2405103395
1658	0.1679202624	0.1941111111	0.2402773148
1659	0.1679120385	0.194	0.2400760802
1660	0.1679038471	0.1937777778	0.2399912037
1661	0.1678984781	0.1937777778	0.2401427469
1662	0.1678924286	0.1938888889	0.2402026235
1663	0.1678873142	0.1937777778	0.2402242284
1664	0.1678817724	0.1938888889	0.2404186728
1665	0.1678769978	0.1941111111	0.2406742284
1666	0.1678713259	0.194	0.2406445988
1667	0.1678665054	0.194	0.2405489198
1668	0.1678583686	0.194	0.2409054012
1669	0.1678530976	0.194	0.2409729938
1670	0.1678426292	0.194	0.2409729938
1671	0.167836448	0.1941111111	0.2410174383
1672	0.1678327602	0.1941111111	0.2410137346
1673	0.1678253539	0.1941111111	0.2409347222
1674	0.1678159667	0.1941111111	0.2409625
1675	0.1678081283	0.1938888889	0.2409643519
1676	0.1678032737	0.1937777778	0.2409199074
1677	0.1677951118	0.194	0.2411143519
1678	0.1677853857	0.1941111111	0.2410989198
1679	0.1677812215	0.1941111111	0.2410989198
1680	0.1677685138	0.194	0.2410433642
1681	0.1677628009	0.194	0.2412334877
1682	0.167760243	0.194	0.2412174383
1683	0.1677578572	0.1941111111	0.241245216
1684	0.1677515519	0.194	0.2411248457
1685	0.1677458567	0.1941111111	0.2412408951
1686	0.1677402072	0.1941111111	0.2414075617
1687	0.1677329376	0.1942222222	0.241500463
1688	0.1677244566	0.1942222222	0.2413449074
1689	0.1677174571	0.1942222222	0.2419979938
1690	0.1677126897	0.1942222222	0.2419572531
1691	0.1677042634	0.1941111111	0.2417442901
1692	0.1676954108	0.1941111111	0.2416958333
1693	0.1676891255	0.1941111111	0.2417625
1694	0.1676889886	0.1941111111	0.2417625
1695	0.1676856885	0.1942222222	0.2418384259
1696	0.1676807114	0.1942222222	0.2416217593
1697	0.1676710604	0.1942222222	0.2415513889
1698	0.1676617519	0.1942222222	0.2414791667
1699	0.1676556698	0.194	0.2413470679
1700	0.167649582	0.194	0.2414137346
1701	0.1676421283	0.1937777778	0.2413192901
1702	0.1676364314	0.1938888889	0.2414415123
1703	0.1676280369	0.194	0.2415433642
1704	0.1676199054	0.1941111111	0.2414507716
1705	0.1676138726	0.1942222222	0.2421955247
1706	0.1676062808	0.1941111111	0.2420078704
1707	0.167602225	0.1941111111	0.2422023148
1708	0.1675948023	0.194	0.2422060185
1709	0.1675940094	0.194	0.2422060185
1710	0.1675902015	0.1941111111	0.2421554012
1711	0.1675861341	0.1941111111	0.2422294753
1712	0.1675804355	0.1941111111	0.2421896605
1713	0.1675723487	0.194	0.2422162037
1714	0.1675666768	0.194	0.2422439815
1715	0.1675611265	0.1942222222	0.242350463
1716	0.1675541477	0.194	0.2421615741
1717	0.1675443279	0.1941111111	0.2423021605
1718	0.1675363994	0.1941111111	0.242383642
1719	0.1675309636	0.1941111111	0.2424058642
1720	0.167521912	0.1941111111	0.242470679
1721	0.1675103989	0.194	0.2422231481
1722	0.1675009247	0.194	0.2422083333
1723	0.1674938907	0.1938888889	0.2421512346
1724	0.1674883494	0.194	0.2421503086
1725	0.1674786048	0.1942222222	0.2421114198
1726	0.1674743771	0.1942222222	0.2421688272
1727	0.1674678152	0.1941111111	0.2422623457
1728	0.1674618868	0.194	0.2421320988
1729	0.1674618012	0.194	0.2421320988
1730	0.167454896	0.1937777778	0.2419858025
1731	0.167449327	0.1936666667	0.2419287037
1732	0.1674475843	0.1935555556	0.2418787037
1733	0.1674379775	0.1936666667	0.2419533951
1734	0.1674372535	0.1936666667	0.2419533951
1735	0.1674306453	0.1937777778	0.2421126543
1736	0.1674200382	0.194	0.2419052469
1737	0.1674115531	0.194	0.2420098765
1738	0.167406886	0.194	0.2420117284
1739	0.1674008388	0.1942222222	0.2420811728
1740	0.1673942796	0.194	0.2418654321
1741	0.1673886719	0.1938888889	0.241987037
1742	0.1673825869	0.1938888889	0.2421166667
1743	0.1673774436	0.194	0.2421907407
1744	0.1673676052	0.1941111111	0.2425024691
1745	0.1673605496	0.1941111111	0.2424978395
1746	0.1673557592	0.1941111111	0.2424996914
1747	0.1673478187	0.1941111111	0.2424688272
1748	0.1673404325	0.1941111111	0.242433642
1749	0.1673319095	0.1941111111	0.2425040123
1750	0.1673216715	0.1941111111	0.2426299383
1751	0.1673160253	0.194	0.2426132716
1752	0.1673077242	0.1941111111	0.2426132716
1753	0.167302973	0.194	0.242557716
1754	0.1672965927	0.1936666667	0.2424237654
1755	0.1672883559	0.1937777778	0.2425570988
1756	0.167284154	0.1938888889	0.2425552469
1757	0.1672780023	0.194	0.2425830247
1758	0.1672752652	0.1937777778	0.2425243827
1759	0.1672696688	0.1936666667	0.2425243827
1760	0.1672672875	0.1936666667	0.2425243827
1761	0.167260456	0.1936666667	0.2425799383
1762	0.167254541	0.1936666667	0.2425614198
1763	0.1672494415	0.1937777778	0.2427412037
1764	0.1672435167	0.1937777778	0.2425023148
1765	0.1672385639	0.1935555556	0.2423800926
1766	0.1672315511	0.1935555556	0.2423421296
1767	0.1672254826	0.1935555556	0.2423810185
1768	0.1672185918	0.1935555556	0.2424609568
1769	0.1672112375	0.1937777778	0.2426165123
1770	0.1672035711	0.1936666667	0.242533642
1771	0.1671960578	0.1935555556	0.242520679
1772	0.1671890391	0.1934444444	0.242420679
1773	0.167178302	0.1934444444	0.2423929012
1774	0.1671781709	0.1934444444	0.2423929012
1775	0.1671734677	0.1936666667	0.2424854938
1776	0.1671629835	0.1937777778	0.242533642
1777	0.1671564499	0.1938888889	0.2425132716
1778	0.1671481915	0.1941111111	0.242545679
1779	0.1671420412	0.1942222222	0.2425804012
1780	0.16713628	0.1943333333	0.2427266975
1781	0.1671362191	0.1943333333	0.2427266975
1782	0.1671305457	0.1943333333	0.2427359568
1783	0.1671262298	0.1942222222	0.2426933642
1784	0.1671199774	0.1942222222	0.2426655864
1785	0.1671175506	0.1942222222	0.2426655864
1786	0.167110622	0.1942222222	0.242858179
1787	0.1671068047	0.1942222222	0.2428205247
1788	0.1671000559	0.1941111111	0.2424075617
1789	0.1670905567	0.1941111111	0.2428705247
1790	0.1670836485	0.1942222222	0.2430075617
1791	0.1670773462	0.1942222222	0.2430186728
1792	0.1670688322	0.1942222222	0.2428996914
1793	0.1670607075	0.1942222222	0.2431623457
1794	0.1670549033	0.1944444444	0.2431364198
1795	0.1670467889	0.1946666667	0.2436487654
1796	0.1670414011	0.1947777778	0.2440395062
1797	0.1670334832	0.1947777778	0.2437830247
1798	0.1670268302	0.1947777778	0.2437033951
1799	0.1670166941	0.195	0.2437487654
1800	0.1670119023	0.195	0.2436364198
1801	0.1670056175	0.1951111111	0.2438067901
1802	0.1669994195	0.1952222222	0.2439654321
1803	0.1669913454	0.1952222222	0.244158642
1804	0.166988652	0.1952222222	0.244158642
1805	0.1669795141	0.1951111111	0.2441253086
1806	0.1669722701	0.195	0.2442277778
1807	0.166967349	0.1947777778	0.2441648148
1808	0.1669606253	0.1946666667	0.2440407407
1809	0.1669552868	0.1944444444	0.243662037
1810	0.1669472569	0.1945555556	0.2437435185
1811	0.1669421685	0.1948888889	0.2438138889
1812	0.1669371457	0.1948888889	0.2436521605
1813	0.1669370836	0.1948888889	0.2436521605
1814	0.1669298808	0.1948888889	0.2437984568
1815	0.1669238705	0.1951111111	0.2437391975
1816	0.1669180645	0.195	0.2436373457
1817	0.1669144401	0.1948888889	0.2435299383
1818	0.1669071152	0.195	0.2438651235
1819	0.1669046532	0.1947777778	0.2436021605
1820	0.1669013811	0.1947777778	0.2436253086
1821	0.1668946415	0.1947777778	0.2439466049
1822	0.1668945869	0.1947777778	0.2439466049
1823	0.1668900446	0.1947777778	0.243975
1824	0.1668841017	0.1946666667	0.2438962963
1825	0.1668780195	0.1947777778	0.244074537
1826	0.1668731048	0.1947777778	0.2440513889
1827	0.1668727132	0.1947777778	0.2440513889
1828	0.166863433	0.1945555556	0.2438516975
1829	0.1668587041	0.1945555556	0.2437729938
1830	0.1668505273	0.1945555556	0.2437729938
1831	0.1668432508	0.1946666667	0.2437248457
1832	0.1668381307	0.1946666667	0.2437192901
1833	0.1668318703	0.1946666667	0.2438100309
1834	0.1668241104	0.1946666667	0.2438447531
1835	0.1668159017	0.1946666667	0.2438132716
1836	0.1668081217	0.1946666667	0.2438391975
1837	0.1668027194	0.1948888889	0.2440243827
1838	0.1667972486	0.1948888889	0.244107716
1839	0.1667906246	0.1947777778	0.2443299383
1840	0.1667833002	0.1948888889	0.244470679
1841	0.1667786454	0.1948888889	0.2442074074
1842	0.1667712197	0.1951111111	0.244462037
1843	0.1667653732	0.1946666667	0.2443324074
1844	0.166761473	0.1948888889	0.244483642
1845	0.1667579368	0.1947777778	0.2444688272
1846	0.1667490447	0.1947777778	0.2445651235
1847	0.1667416193	0.1946666667	0.244420679
1848	0.1667374039	0.1946666667	0.2444743827
1849	0.1667348045	0.1946666667	0.2444743827
1850	0.1667318906	0.1946666667	0.2447632716
1851	0.166725479	0.195	0.2450401235
1852	0.1667211198	0.1951111111	0.2449697531
1853	0.1667154253	0.1951111111	0.2448854938
1854	0.1667091867	0.1952222222	0.2448919753
1855	0.1667015983	0.1954444444	0.2449851852
1856	0.1666939604	0.1956666667	0.2452320988
1857	0.1666831603	0.1957777778	0.2453432099
1858	0.1666784151	0.1956666667	0.2450358025
1859	0.1666729789	0.1957777778	0.2450216049
1860	0.1666668552	0.196	0.2451895062
1861	0.166665384	0.1961111111	0.2453376543
1862	0.1666569203	0.1962222222	0.2454487654
1863	0.1666509684	0.1962222222	0.245454321
1864	0.1666464619	0.1962222222	0.2455055556
1865	0.1666423023	0.1962222222	0.2455148148
1866	0.1666342571	0.1964444444	0.2456733025
1867	0.1666295434	0.1963333333	0.2455881173
1868	0.1666199976	0.1966666667	0.2457177469
1869	0.1666130942	0.1966666667	0.245753858
1870	0.1666080209	0.1968888889	0.2458399691
1871	0.1666034277	0.1968888889	0.2458399691
1872	0.1665950984	0.1967777778	0.2457717593
1873	0.1665859734	0.1966666667	0.2457779321
1874	0.1665800863	0.1967777778	0.2458723765
1875	0.1665744269	0.1966666667	0.2457908951
1876	0.1665684773	0.1967777778	0.2458853395
1877	0.1665641927	0.1967777778	0.2458983025
1878	0.1665582172	0.1967777778	0.2458760802
1879	0.1665489381	0.1968888889	0.2459205247
1880	0.1665420706	0.197	0.2460192901
1881	0.1665338329	0.197	0.2463751543
1882	0.1665292424	0.197	0.2465195988
1883	0.1665269143	0.197	0.2465751543
1884	0.1665199562	0.1967777778	0.2462387346
1885	0.1665146325	0.1965555556	0.2463979938
1886	0.1665078679	0.1965555556	0.2459304012
1887	0.1664989438	0.1965555556	0.2459436728
1888	0.1664895531	0.1967777778	0.2461186728
1889	0.1664842376	0.1966666667	0.2459487654
1890	0.166479354	0.1967777778	0.2461186728
1891	0.1664760301	0.1967777778	0.2459325617
1892	0.1664685444	0.1968888889	0.2459878086
1893	0.1664645633	0.1968888889	0.2459970679
1894	0.1664592345	0.1971111111	0.2462908951
1895	0.1664560627	0.1966666667	0.2460878086
1896	0.1664523843	0.1967777778	0.2462229938
1897	0.1664442478	0.1967777778	0.2461507716
1898	0.1664372116	0.1968888889	0.2464591049
1899	0.1664313883	0.1967777778	0.2464146605
1900	0.1664250658	0.1968888889	0.2463905864
1901	0.1664210119	0.1968888889	0.2464016975
1902	0.1664159312	0.1971111111	0.2464936728
1903	0.1664079037	0.1972222222	0.246678858
1904	0.1663994644	0.1972222222	0.2466066358
1905	0.1663933543	0.1971111111	0.2466325617
1906	0.1663876371	0.1972222222	0.2466844136
1907	0.166383582	0.1973333333	0.2468140432
1908	0.1663785455	0.1973333333	0.2468325617
1909	0.166374895	0.1975555556	0.2470733025
1910	0.1663685131	0.1975555556	0.2470868827
1911	0.166363807	0.1974444444	0.2470572531
1912	0.1663565234	0.1976666667	0.2473103395
1913	0.166350782	0.1978888889	0.2474770062
1914	0.1663433463	0.1977777778	0.2473516975
1915	0.166337711	0.1977777778	0.2473739198
1916	0.166332146	0.1977777778	0.2475294753
1917	0.1663258409	0.1976666667	0.2475183642
1918	0.1663206857	0.1974444444	0.2474387346
1919	0.1663150739	0.1974444444	0.2473779321
1920	0.1663055796	0.1974444444	0.2473557099
1921	0.1662984193	0.1974444444	0.2473094136
1922	0.1662934321	0.1974444444	0.2473279321
1923	0.1662867023	0.1974444444	0.2474137346
1924	0.166280966	0.1973333333	0.2474734568
1925	0.166273136	0.1973333333	0.2473546296
1926	0.1662651608	0.1974444444	0.2474503086
1927	0.1662548794	0.1973333333	0.2474280864
1928	0.1662476429	0.1972222222	0.2473614198
1929	0.1662462846	0.1972222222	0.2473614198
1930	0.1662385412	0.1973333333	0.2473787037
1931	0.16623502	0.1973333333	0.2474092593
1932	0.1662289692	0.1974444444	0.2479092593
1933	0.1662204099	0.197	0.2475388889
1934	0.1662158807	0.1972222222	0.2478407407
1935	0.1662077734	0.1972222222	0.2478314815
1936	0.1662025851	0.1975555556	0.2480623457
1937	0.1661908769	0.1976666667	0.2481179012
1938	0.1661847464	0.1977777778	0.2480975309
1939	0.1661800785	0.1975555556	0.2478442901
1940	0.1661747598	0.1977777778	0.2482354938
1941	0.1661678306	0.1978888889	0.2485493827
1942	0.1661613246	0.198	0.2484882716
1943	0.1661586304	0.198	0.2484567901
1944	0.166158557	0.198	0.2484567901
1945	0.1661520749	0.1977777778	0.2483609568
1946	0.1661446526	0.1977777778	0.2485280864
1947	0.1661389658	0.1978888889	0.2485768519
1948	0.1661307528	0.1977777778	0.2484558642
1949	0.1661239593	0.1981111111	0.2487780864
1950	0.1661171454	0.1978888889	0.2485929012
1951	0.1661119564	0.1977777778	0.2485021605
1952	0.1661062645	0.1977777778	0.2484535494
1953	0.1660976163	0.1981111111	0.2485780864
1954	0.1660913266	0.1981111111	0.2487054012
1955	0.1660873006	0.1982222222	0.2487498457
1956	0.1660785523	0.1981111111	0.2485432099
1957	0.1660734658	0.1982222222	0.2485987654
1958	0.1660647667	0.1983333333	0.2487098765
1959	0.1660605218	0.1983333333	0.2486867284
1960	0.1660543502	0.1983333333	0.2487881173
1961	0.1660474255	0.1982222222	0.2487353395
1962	0.1660421511	0.1982222222	0.2486847222
1963	0.1660368371	0.1982222222	0.2488421296
1964	0.1660304579	0.1982222222	0.249178858
1965	0.1660280927	0.1982222222	0.249178858
1966	0.1660236825	0.1982222222	0.249178858
1967	0.1660167692	0.1984444444	0.2493066358
1968	0.1660081931	0.1987777778	0.2492523148
1969	0.165996633	0.1986666667	0.2492134259
1970	0.1659891676	0.1985555556	0.2491513889
1971	0.1659818137	0.1988888889	0.2493794753
1972	0.165978461	0.1987777778	0.249370216
1973	0.1659727256	0.1992222222	0.249721142
1974	0.1659692024	0.199	0.2496049383
1975	0.1659631762	0.199	0.2495882716
1976	0.1659582092	0.1988888889	0.2495595679
1977	0.165953758	0.199	0.2496151235
1978	0.1659487632	0.199	0.2495410494
1979	0.1659438207	0.1991111111	0.2497447531
1980	0.1659398587	0.1991111111	0.249633642
1981	0.1659341466	0.1991111111	0.2497262346
1982	0.1659302588	0.199	0.2497419753
1983	0.1659257694	0.1988888889	0.2497271605
1984	0.1659201414	0.1987777778	0.249532716
1985	0.165915739	0.1987777778	0.249532716
1986	0.1659080543	0.1987777778	0.2495604938
1987	0.1659024517	0.1988888889	0.2495419753
1988	0.1658945678	0.1987777778	0.2496345679
1989	0.1658863801	0.1988888889	0.2495679012
1990	0.165880344	0.199	0.2495114198
1991	0.1658722835	0.199	0.2497222222
1992	0.1658680993	0.1991111111	0.2497972222
1993	0.1658654885	0.1992222222	0.2498671296
1994	0.1658590568	0.1991111111	0.2501060185
1995	0.1658548686	0.1991111111	0.2500782407
1996	0.1658480262	0.1991111111	0.2500134259
1997	0.1658428496	0.1991111111	0.2503976852
1998	0.1658346969	0.1991111111	0.2504001543
1999	0.165829323	0.1992222222	0.2503964506
